Workbook
Name ÇALIŞILAN_FİRMA__SEÇ: 'ANA SAYFA'!$B$1
Name ÇALIŞILAN_FİRMA_SEÇ: 'ANA SAYFA'!$B$1

Sheet ANA SAYFA
A1: S.N | B1: ADI SOYADI | C1: GÖREVİ | D1: T.C. KİMLİK NO | E1: İŞE GİRİŞ TARİHİ | F1: DOĞUM TARİHİ | G1: KALAN (-/+)
A2: 1 | B2: ALİ AYDEMİR | C2: TIR-ÇEKİCİ ŞOFÖRÜ | D2: 41578181364 | E2: 43654 | F2: 25651 | G2: ='1'!I41 -> 24 | I2: YILLIK İZNİN KULLANILMASI 4857 Sayılı İş Yasasının 53’ Üncü maddesine göre işyerinde işe başladığı tarihten itibaren, deneme süreside içinde olmak kaydıyla, en Az 1 yıl çalışmış olan işçilere, yıllık izin verilmesi gerekmektedir. Nitelikleri gereği bir yıldan az süren mevsim veya kampanya işlerinde çalışanlar hakkında yıllık izin hükümleri uygulanmayacaktır. Yıllık izne ait hususların emrediciliği nedeniyle bu haktan vazgeçilmesi mümkün değildir. Dolayısıyla yıllık izin kullanmama taahhüdü yahut zorunluluğu içeren sözleşme hükümlerinin yok sayılması gerekmektedir. Yasanın 53’ Üncü maddesine ve yönetmeliğin 9’uncu maddesi uyarınca işçilere verilmesi gereken yıllık izin sürelerinin, hizmet süresi • 1 yıldan 5 yıla kadar(5 yıl dahil) olanlara 14 günden, • 5 yıldan fazla 15 yıldan az olanlara 20 günden, • 15 yıl (dahil) ve daha fazla olanlara 26 günden az olmaması • 18 ve daha küçük yaşta olan işçilere ve 50 ve daha fazla yaştaki işçilere verilecek izin süresinin de 20 günden az olmaması gerekmektedir.
A3: 2 | B3: AHMET EMİN EFEOĞLU | C3: KAMYON ŞOFÖRÜ | D3: 16702793522 | E3: 43281 | F3: 21886 | G3: ='2'!H40 -> 95.5
A4: 3 | B4: ALİ TASLAK | C4: İNŞAAT USTASI | D4: 67282150540 | E4: 41075 | F4: 24899 | G4: ='3'!H73 -> 77
A5: 4 | B5: BAYRAM CAN YILMAZ | C5: TIR-ÇEKİCİ ŞOFÖRÜ | D5: 31268318552 | E5: 46078 | F5: 36392 | G5: ='4'!H35 -> -1
A6: 5 | B6: AVNİ ÖZGÜR | C6: TIR-ÇEKİCİ ŞOFÖRÜ | D6: 23270269090 | E6: 44355 | F6: 24001 | G6: ='5'!H40 -> 32
A7: 6 | B7: BEKİR BAHAR | C7: MUHASEBE ŞEFİ | D7: 11517017542 | E7: 41288 | F7: 30225 | G7: ='6'!H38 -> 95
A8: 7 | B8: CELAL UNSUR | C8: KAYNAKÇI | D8: 52795285216 | E8: 43745 | F8: 22335 | G8: ='7'!H53 -> -14.5
A9: 8 | B9: DOĞAN NESANIR | C9: EKSKAVATÖR OPERATÖR | D9: 19895542946 | E9: 44372 | F9: 25692 | G9: ='8'!H30 -> 35.5
A10: 9 | B10: EMİN İLHAN | C10: MADEN MÜHENDİSİ | D10: 13235872786 | E10: 42873 | F10: 30453 | G10: ='9'!H32 -> 85
A11: 10 | B11: MUHAMMETCAN GÜNDOĞDU | C11: İŞ MAKİNELERİ YAĞCISI | D11: 39382583696 | E11: 45870 | F11: 39326 | G11: ='10'!H47 -> -1
A12: 11 | B12: EYÜP ÇELENK | C12: DOZER OPERATÖR | D12: 38564093244 | E12: 44196 | F12: 24504 | G12: ='11'!H36 -> 38.5
A13: 12 | B13: ÇETİN ÖZYÜKSEL | C13: KAYNAKCI | D13: 49729730652 | E13: 45170 | F13: 27708 | G13: ='12'!H29 -> -4.5
A14: 13 | B14: SATILMIŞ ÇAKAR | C14: BEKO LODER OPT. | D14: 45814447276 | E14: 45527 | F14: 27507 | G14: ='13'!H36 -> 9
A15: 14 | B15: HİLMİ ÖZDEMİR | C15: OPERATÖR | D15: 50626705742 | E15: 41477 | F15: 26104 | G15: ='14'!H36 -> 19
A16: 15 | B16: HASAN KURT | C16: SATIN ALMA SORUMLUSU | D16: 10017059328 | E16: 45477 | F16: 33492 | G16: ='15'!H33 -> 4
A17: 16 | B17: HÜSAMETTİN GÜLTEKİN | C17: KÜREKÇİ | D17: 40033015848 | E17: 44937 | F17: 30752 | G17: ='16'!H39 -> 29.5
A18: 17 | B18: AHMET SAVAŞ | C18: KAMYON ŞOFÖRÜ | D18: 28546398634 | E18: 44928 | F18: 25461 | G18: ='17'!H37 -> 39
A19: 18 | B19: ALPEREN TORUK | C19: TIR-ÇEKİCİ ŞOFÖRÜ | D19: 29221711892 | E19: 45434 | F19: 36442 | G19: ='18'!H31 -> 17
A20: 19 | B20: İBRAHİM KURT | C20: İŞ MAK. BAKIM VE ONARIM | D20: 69652051396 | E20: 44601 | F20: 27792 | G20: ='19'!H30 -> 0.5
A21: 20 | B21: İBRAHİM SEVEN | C21: TIR ŞOFÖRÜ | D21: 28438730016 | E21: 44946 | F21: 28074 | G21: ='20'!H43 -> 11 | I21: MAZERET DURUMU | P21: 4857 Sayılı İş Kanunu | S21: 657 Sayılı Devlet Memurları Kanunu
A22: 21 | B22: EMİRHAN GÜRBÜZ | C22: İŞ MAKİNELERİ YAĞCISI | D22: 20473884860 | E22: 45568 | F22: 38058 | G22: ='21'!H35 -> -4 | I22: Evlenmesi Halinde | P22: 3 gün | S22: 7 gün
A23: 22 | B23: DOĞAN YAĞMUR | C23: KAMYON ŞOFÖRÜ | D23: 59386205738 | E23: 45418 | F23: 31973 | G23: ='22'!H40 -> 16 | I23: Çoçuğun Evlenmesi Halinde | P23: * | S23: 7 gün
A24: 23 | B24: NEVZAT KAŞIKÇI | C24: BULDOZER OPERATÖRÜ | D24: 39316375052 | E24: 45404 | F24: 22945 | G24: ='23'!H37 -> 4 | I24: Anne, Baba, Eş veya çoçuğun ölmesi halinde | P24: 3 gün | S24: 7 gün
A25: 24 | B25: MUSTAFA ŞENOL SANCAK | C25: ENDÜSTRİYEL İLİŞKİLER VE PERSONEL İLİŞKİLERİ | D25: 19988726864 | E25: 45124 | F25: 24108 | G25: ='24'!H39 -> 2 | I25: Eşinin Anne Babasının veya Kardeşinin Ölmesi Halinde | P25: * | S25: 7 gün
A26: 25 | B26: HASAN AKÇAYOĞLU | C26: KAMYON ŞOFÖRÜ | D26: 47494140430 | E26: 46056 | F26: 27560 | G26: ='25'!H37 -> -1 | I26: Eşin Doğum Yapması Halinde | P26: 10 gün | S26: 10 gün
A27: 26 | B27: MESUT YILMAZ | C27: USTA YARDIMCISI | D27: 39817657916 | E27: 41803 | F27: 31925 | G27: ='26'!H56 -> 3.5 | I27: Engelli Çocuğu Halinde | P27: 10 gün | S27: 10 gün
A28: 27 | B28: MUHAMMET MUSTAFA KOÇYİĞİT | C28: KEPÇE OPERATÖR | D28: 41989739482 | E28: 43948 | F28: 33312 | G28: ='27'!H29 -> 33 | I28: Kardeşinin Ölmesi Halinde | P28: 3 gün | S28: 7 gün
A29: 28 | B29: MUHAMMED AYDIN | C29: EKSKAVATÖR OPERATÖRÜ | D29: 42727968904 | E29: 44356 | F29: 31968 | G29: ='28'!H32 -> 4.5 | I29: Emzirme İzni | P29: 1,5 saat | S29: 6 ay için 3 saat 2.ci 6 ay için 1,5 saat
A30: 29 | B30: MUHİTTİN DEMİR | C30: KAMYON ŞOFÖRÜ | D30: 12361925380 | E30: 45442 | F30: 22324 | G30: ='29'!H37 -> 33
A31: 30 | B31: MUHSİN ZEDEF | C31: BEKÇİ | D31: 10982000370 | E31: 43560 | F31: 21491 | G31: ='30'!H30 -> 106 | I31: İhbar Bildirim (İşçi ve İşveren)
A32: 31 | B32: MURAT ÖZSUBAŞI | C32: EKSKAVATÖR OPERATÖRÜ | D32: 31463194012 | E32: 41505 | F32: 26826 | G32: ='31'!H70 -> 20.5 | I32: 0 - 6 Ay | M32: 2 | N32: Hafta
A33: 32 | B33: MUSTAFA İSPİR | C33: BEKO LODER OPT. | D33: 56986627380 | E33: 45552 | F33: 35818 | G33: ='32'!H34 -> 10.5 | I33: 6 - 1,5 Yıl | M33: 4 | N33: Hafta
A34: 33 | B34: MUSTAFA DEMİRALAY | C34: TIR-ÇEKİCİ ŞOFÖRÜ | D34: 61396483426 | E34: 45362 | F34: 25781 | G34: ='33'!H54 -> 0 | I34: 1,5 - 3 Yıl | M34: 6 | N34: Hafta
A35: 34 | B35: MUSTAFA YALVAÇ | C35: BEDEN İŞCİSİ | D35: 12598524950 | E35: 44567 | F35: 22749 | G35: ='34'!H44 -> 7 | I35: 3 Yıl ve Üstü | M35: 8 | N35: Hafta
A36: 35 | B36: ERHAN AYDEMİR | C36: KANTAR GÖREVLİSİ | D36: 11219671110 | E36: 44211 | F36: 32441 | G36: ='35'!H38 -> 21
A37: 36 | B37: MÜMİN AKÇİN | C37: OPERATÖR | D37: 12254984746 | E37: 44992 | F37: 27211 | G37: ='36'!H54 -> 11.5
A38: 37 | B38: MEHMET CEMİL ÇETİN | C38: TIR-ÇEKİCİ ŞOFÖRÜ | D38: 20401800252 | E38: 44985 | F38: 25821 | G38: ='37'!H36 -> -0.5
A39: 38 | B39: NİHAT ÖZGEL | C39: KAMYON ŞOFÖRÜ | D39: 49831847958 | E39: 43984 | F39: 23377 | G39: ='38'!H45 -> 27
A40: 39 | B40: NURETTİN AYDIN | C40: DOZER OPERATÖR | D40: 25240844054 | E40: 43029 | F40: 22051 | G40: ='39'!H63 -> 58.5
A41: 40 | B41: MEHMET ÇELİK | C41: İŞ MAK. YAĞCISI | D41: 67363072846 | E41: 45173 | F41: 37196 | G41: ='40'!H36 -> -4
A42: 41 | B42: MUHAMMET GÜRBÜZ | C42: EKSKAVATÖR OPERATÖRÜ | D42: 35635379450 | E42: 45555 | F42: 36893 | G42: ='41'!H36 -> 6
A43: 42 | B43: ORHAN ÇETİN | C43: ROK OPERATÖR | D43: 26288388982 | E43: 43516 | F43: 25821 | G43: ='42'!H43 -> 55.5
A44: 43 | B44: ORHAN TUĞLU | C44: FORMEN | D44: 32540233440 | E44: 44793 | F44: 30082 | G44: ='43'!H42 -> 26
A45: 44 | B45: RAMAZAN YAPANOĞLU | C45: KAMYON ŞOFÖRÜ | D45: 30865945482 | E45: 42118 | F45: 27488 | G45: ='44'!H41 -> 24.5
A46: 45 | B46: RECEP ALEMDAR | C46: EKSKAVATÖR OPERATÖRÜ | D46: 61294341224 | E46: 44643 | F46: 26552 | G46: ='45'!H34 -> 21
A47: 46 | B47: RESUL MURATHAN | C47: DOZER OPERATÖR | D47: 35662493402 | E47: 42392 | F47: 31310 | G47: ='46'!H69 -> 43
A48: 47 | B48: SADIK GÜRBÜZ | C48: MUHASEBE MESLEK EL. | D48: 11155990832 | E48: 43617 | F48: 33248 | G48: ='47'!H46 -> 35.5
A49: 48 | B49: SALİH YALÇINKAYA | C49: HARİTA TEKNİKERİ | D49: 23128385866 | E49: 44501 | F49: 34761 | G49: ='48'!H47 -> 5
A50: 49 | B50: SAVAŞ KOTAN | C50: KAMYON ŞOFÖRÜ | D50: 69631191006 | E50: 44858 | F50: 33139 | G50: ='49'!H42 -> 1 | K50: 270 | L50: SAAT | M50: YILDA EN FAZLA KANUNEN
A51: 50 | B51: SEYDİ SALTIK | C51: TIR-ÇEKİCİ ŞOFÖRÜ | D51: 39109958622 | E51: 43822 | F51: 23712 | G51: ='50'!H55 -> 19.5 | K51: =+K50/12 -> 22.5
A52: 51 | B52: MURAT TORUK | C52: TIR ÇEKİCİ ŞOFÖRÜ | D52: 29257710654 | E52: 45941 | F52: 29221 | G52: ='51'!H93 -> -2
A53: 53 | B53: SONER CANDEMİR | C53: OPERATÖR | D53: 47833202324 | E53: 44014 | F53: 25419 | G53: ='53'!H41 -> 9
A54: 54 | B54: SÜREYYA ERTAŞ | C54: TIR ŞOFÖRÜ | D54: 33152143462 | E54: 41520 | F54: 25882 | G54: ='54'!H120 -> 12
A55: 52 | B55: ÇETİN KARABALÇIK | C55: TIR ŞOFÖRÜ | D55: 50461681348 | E55: 45773 | F55: 33010 | G55: ='52'!H37 -> 7
A56: 55 | B56: ŞEYHMUS ARMAĞAN | C56: OPERATÖR | D56: 24184712290 | E56: 43126 | F56: 26816 | G56: ='55'!H39 -> 73.5
A57: 56 | B57: TALAT DOĞAN | C57: KAMYON ŞOFÖRÜ | D57: 52666707212 | E57: 44454 | F57: 24770 | G57: ='56'!H48 -> 14
A58: 57 | B58: TUNCAY ELİÇİN | C58: GREYDER OPERATÖRÜ | D58: 46114287272 | E58: 44860 | F58: 22556 | G58: ='57'!H49 -> -4.5
A59: 58 | B59: VURAL PAPAKÇI | C59: SİLİNDİR OPERATÖR | D59: 14822550636 | E59: 44648 | F59: 33336 | G59: ='58'!H43 -> 26
A60: 59 | B60: YAŞAR SEZGİN | C60: KAMYON ŞOFÖRÜ | D60: 14789073346 | E60: 43986 | F60: 27369 | G60: ='59'!H45 -> 18.5
A61: 60 | B61: MUSTAFA KIRCA | C61: EKSKAVATÖR OPERATÖR | D61: 43642203026 | E61: 45208 | F61: 26359 | G61: ='60'!H36 -> 3.5
A62: 61 | B62: EROL MASALCI | C62: KAMYON ŞOFÖRÜ | D62: 46012926426 | E62: 45422 | F62: 33156 | G62: ='61'!H36 -> 10
A63: 62 | B63: HAKAN AKKOÇ | C63: KAMYON ŞOFÖRÜ | D63: 57853468006 | E63: 45149 | F63: 25950 | G63: ='62'!H40 -> 15
A64: 63 | B64: ZEKAİ ÖZTÜRK | C64: USTA YARDIMCISI | D64: 51067606810 | E64: 44240 | F64: 23774 | G64: ='63'!H49 -> 0
A65: 64 | B65: ZÜLFİ PEKAL | C65: HARİTA TEKNİKERİ | D65: 22267326426 | E65: 42525 | F65: 32587 | G65: ='64'!H37 -> 43.5
A66: 65 | B66: ZEYNEP ARSLANTEKİN | C66: TEMİZLİK GÖREVLİSİ | D66: 33113218888 | E66: 42368 | F66: 26578 | G66: ='65'!H36 -> 68.5
A67: 66 | B67: ABDULLAH IŞIK | C67: İŞ MAKİNELERİ OPERATÖRÜ | D67: 19651901888 | E67: 43800 | F67: 27709 | G67: ='66'!H60 -> 29
A68: 67 | B68: EMRULLAH AKIN | C68: TOPOĞRAF | D68: 24116688938 | E68: 44910 | F68: 35841 | G68: ='67'!H33 -> -4
A69: 68 | B69: BEDİR BOZAN | C69: TIR-ÇEKİCİ ŞOFÖRÜ | D69: 10756498662 | E69: 45293 | F69: 35641 | G69: ='68'!H34 -> 18
A70: 69 | B70: ABDULKADİR SARIDOĞAN | C70: KAMYON ŞOFÖRÜ | D70: 36740023870 | E70: 45999 | F70: 23774 | G70: ='69'!H37 -> -5
A71: 70 | B71: FATİH MESUT | C71: TIR ÇEKİCİ ŞOFÖRÜ | D71: 51235273288 | E71: 45961 | F71: 34335 | G71: ='70'!H29 -> -1.5
A72: 71 | B72: ALİ DELİGÖZ | C72: KAMYON ŞOFÖRÜ | D72: 42304564604 | E72: 44926 | F72: 29367 | G72: ='71'!H37 -> 12
A73: 72 | B73: CENGİZ AÇIKGÖZ | C73: KAMYON ŞOFÖRÜ | D73: 35213303594 | E73: 44662 | F73: 24127 | G73: ='72'!H26 -> 3.5
A74: 73 | B74: CEVAHİR ÖZTÜRK | C74: KAMYON ŞOFÖRÜ | D74: 60130492038 | E74: 44627 | F74: 24690 | G74: ='73'!H27 -> 13
A75: 74 | B75: CİHAT ECER | C75: EKSKAVATÖR OPERATÖRÜ | D75: 60130492038 | E75: 44903 | F75: 34955 | G75: ='74'!H26 -> 5.5
A76: 75 | B76: ÖMER AĞ | C76: BEDEN İŞÇİSİ | D76: 14585930690 | E76: 45957 | F76: 38155 | G76: ='75'!H39 -> -10.5
A77: 76 | B77: SAKIP KARACA | C77: EKSKAVATÖR OPERATÖR | D77: 27400650734 | E77: 44657 | F77: 31726 | G77: ='76'!H38 -> 36.5
A78: 77 | B78: DURSUN KURT | C78: SAHA FORMENİ | D78: 10089056942 | E78: 35796 | F78: 27093 | G78: ='77'!H41 -> 32.5
A79: 78 | B79: MUHARREM KAN | C79: İŞARETÇİ/SAPANCI | D79: 14324514464 | E79: 45512 | F79: 33814 | G79: ='78'!H35 -> 7
A80: 79 | B80: ERKAN DURMUŞ | C80: FORMEN | D80: 16694126094 | E80: 42078 | F80: 26299 | G80: ='79'!H47 -> 43
A81: 80 | B81: ERTÜRK TORUK | C81: EKSKAVATÖR OPR. | D81: 29263710426 | E81: 44817 | F81: 28126 | G81: ='80'!H31 -> 20
A82: 81 | B82: ERTÜRK KAYA | C82: KAMYON ŞOFÖRÜ | D82: 51283251344 | E82: 45372 | F82: 22503 | G82: ='81'!H25 -> 24
A83: 82 | B83: VOLKAN ŞAHİN | C83: TIR ÇEKİCİ ŞOFÖRÜ | D83: 28958197818 | E83: 46032 | F83: 33755 | G83: ='82'!H56 -> -4
A84: 83 | B84: ÖMER ÖZTÜRK | C84: TIR-ÇEKİCİ ŞOFÖRÜ | D84: 35258203682 | E84: 46134 | F84: 24603 | G84: ='83'!H38 -> -2
A85: 84 | B85: SEBAHATTİN AYDIN | C85: KEPÇE OPERATÖR | D85: 43417238574 | E85: 44798 | F85: 23073 | G85: ='84'!H40 -> 25
A86: 85 | B86: HASAN ATMACA | C86: İŞARETÇİ/SAPANCI | D86: 19688819842 | E86: 46047 | F86: 21884 | G86: ='85'!H36 -> -1
A87: 86 | B87: UĞUR KOÇ | C87: TIR-ÇEKİCİ ŞOFÖRÜ | D87: 39010350652 | E87: 45140 | F87: 26600 | G87: ='86'!H41 -> 5
A88: 87 | B88: ŞAHİN ÇAT | C88: TAMİRCİ | D88: 23827780108 | E88: 45174 | F88: 33557 | G88: ='87'!H71 -> -4
A89: 88 | B89: HALİL İŞİYOK | C89: BEDEN İŞÇİSİ | D89: 53749624976 | E89: 45856 | F89: 32071 | G89: ='88'!H34 -> -6.5
A90: 89 | B90: MUHİTTİN KALDIRIM | C90: FORMEN | D90: 63742268558 | E90: 45824 | F90: 25552 | G90: ='89'!H35 -> 7
A91: 90 | B91: YAHYA KEMAL ÖZKAN | C91: TIR-ÇEKİCİ ŞOFÖRÜ | D91: 10028653768 | E91: 45838 | F91: 28804 | G91: ='90'!H31 -> -3
A92: 91 | B92: ÖMER GEZMİŞ | C92: OPERATÖR | D92: 16256022284 | E92: 44805 | F92: 32893 | G92: ='91'!H43 -> 9
A93: 92 | B93: İBRAHİM AĞ | C93: İŞ MAKİNELERİ YAĞCISI | D93: 16541865534 | E93: 46107 | F93: 38786 | G93: ='92'!H37 -> -11
A94: 93 | B94: YILDIZ UZUNOSMAN | C94: SEKRETER | D94: 10934681350 | E94: 44622 | F94: 35344 | G94: ='93'!H43 -> 26.5
A95: 94 | B95: SALİH TUĞLU | C95: EKSKAVATÖR | D95: 54160512958 | E95: 45217 | F95: 36039 | G95: ='94'!H26 -> 12
A96: 95 | B96: İDRİS GÖK | C96: TIR-ÇEKİCİ ŞOFÖRÜ | D96: 15692782370 | E96: 45301 | F96: 18297 | G96: ='95'!H33 -> 26
A97: 96 | B97: ERSİN KÖLE | C97: TIR-ÇEKİCİ ŞOFÖRÜ | D97: 41572588572 | E97: 44802 | F97: 32068 | G97: ='96'!H41 -> -2.5
A98: 97 | B98: HAYDAR AKASLAN | C98: BULDOZER OPERATÖRÜ | D98: 58597346568 | E98: 45468 | F98: 23126 | G98: ='97'!H26 -> -9
A99: 98 | B99: ŞÜKRÜ KOCATEPE | C99: OPERATÖR | D99: 11981918604 | E99: 44853 | F99: 28856 | G99: ='98'!H41 -> 19
A100: 99 | B100: MEHMET AY | C100: FORMEN | D100: 42862841858 | E100: 44846 | F100: 32883 | G100: ='99'!H38 -> 8.5
...

Sheet 1
B1: ADI SOYADI | C1: ='ANA SAYFA'!B2 -> ALİ AYDEMİR | D1: PERSONEL İZİN ÇİZELGESİ | K1: Ana Sayfa
B2: T.C.KİMLİK NO | C2: ='ANA SAYFA'!D2 -> 41578181364
B3: GÖREVİ | C3: ='ANA SAYFA'!C2 -> TIR-ÇEKİCİ ŞOFÖRÜ
B4: İŞE GİRİŞ TARİHİ | C4: ='ANA SAYFA'!E2 -> 43654
B5: DOĞUM TARİHİ | C5: ='ANA SAYFA'!F2 -> 25651
A6: PERSONEL İZİN ÇİZELGESİ
B7: İZİN NEDENİ | C7: İZİNE ÇIKIŞ TARİHİ | D7: İZİNDEN DÖNÜŞ TARİHİ | E7: İZİNE ÇIKIŞ SAATİ | F7: İZİNDEN DÖNÜŞ SAATİ | G7: İZNİ KAZANDIĞI TARİH ARALIĞI | H7: SENELİK İZİN HAKKI TUTARI | I7: KULLANILAN İZİN TUTARI
C8: 43846 | D8: 43855 | E8: 0.33333333 | F8: 0.33333333 | G8: 08.07.19-08.07.20 | H8: 14 | I8: 2
C9: 43904 | D9: 43909 | E9: 0.33333333 | F9: 0.33333333 | G9: 08.07.20-08.07.21 | H9: 20 | I9: 3
C10: 43916 | D10: 43923 | E10: 0.33333333 | F10: 0.33333333 | G10: 08.07.21-08.07.22 | H10: 20 | I10: 2
C11: 44179 | D11: 44180 | E11: 0.33333333 | F11: 0.33333333 | G11: 08.07.22-08.07.23 | H11: 20 | I11: 4
C12: 44223 | D12: 44225 | E12: 0.41666667 | F12: 0.33333333 | G12: 08.07.23-08.07.24 | H12: 20 | I12: 1
C13: 44279 | D13: 44284 | E13: 0.33333333 | F13: 0.33333333 | G13: 08.07.24-08.07.25 | H13: 20 | I13: 1
C14: 44349 | D14: 44351 | E14: 0.33333333 | F14: 0.33333333 | I14: 2
C15: 44445 | D15: 44448 | E15: 0.33333333 | F15: 0.33333333 | I15: 3
C16: 44519 | D16: 44520 | E16: 0.33333333 | F16: 0.33333333 | I16: 2
C17: 44746 | D17: 44757 | E17: 0.33333333 | F17: 0.33333333 | I17: 6
C18: 44861 | D18: 44865 | E18: 0.33333333 | F18: 0.33333333 | I18: 3
C19: 44985 | D19: 44988 | E19: 0.33333333 | F19: 0.33333333 | I19: 3
C20: 45101 | D20: 45110 | E20: 0.33333333 | F20: 0.33333333 | I20: 2
C21: 45141 | D21: 45154 | E21: 0.33333333 | F21: 0.33333333 | I21: 11
C22: 45229 | D22: 45236 | E22: 0.33333333 | F22: 0.33333333 | I22: 5
C23: 06.05.2024 PAZARTESİ | D23: 20.05.2024 PAZARTESİ | I23: 12
C24: 45624 | D24: 45628 | I24: 4
C25: 45633 | D25: 45635 | I25: 3
C26: 45667 | D26: 45675 | I26: 8
C27: 45880 | D27: 45894 | E27: 0.33333333 | F27: 0.33333333 | I27: 12
C28: 46199 | D28: 46200 | I28: 1
G39: TOPLAMLAR | H39: =SUM(H8:H38) -> 114 | I39: =SUM(I8:I38) -> 90
G41: KALAN FARK(-/+) | I41: =H39-I39 -> 24

Sheet 2
A1: ADI SOYADI | B1: ='ANA SAYFA'!B3 -> AHMET EMİN EFEOĞLU | C1: PERSONEL İZİN ÇİZELGESİ
A2: T.C.KİMLİK NO | B2: ='ANA SAYFA'!D3 -> 16702793522
A3: GÖREVİ | B3: ='ANA SAYFA'!C3 -> KAMYON ŞOFÖRÜ
A4: İŞE GİRİŞ TARİHİ | B4: ='ANA SAYFA'!E3 -> 43281
A5: DOĞUM TARİHİ | B5: ='ANA SAYFA'!F3 -> 21886
A6: PERSONEL İZİN ÇİZELGESİ | J6: Ana Sayfa
A7: İZİN NEDENİ | B7: İZİNE ÇIKIŞ TARİHİ | C7: İZİNDEN DÖNÜŞ TARİHİ | D7: İZİNE ÇIKIŞ SAATİ | E7: İZİNDEN DÖNÜŞ SAATİ | F7: İZNİ KAZANDIĞI TARİH ARALIĞI | G7: SENELİK İZİN HAKKI TUTARI | H7: KULLANILAN İZİN TUTARI
B8: 43393 | C8: 43394 | D8: 0.33333333 | E8: 0.33333333 | F8: 30.06.18-30.06.19 | G8: 20 | H8: 1
B9: 43414 | C9: 43415 | D9: 0.5 | E9: 0.33333333 | F9: 30.06.19-30.06.20 | G9: 20 | H9: 0.5
B10: 43419 | C10: 43421 | D10: 0.33333333 | E10: 0.33333333 | F10: 30.06.21-30.06.22 | G10: 20 | H10: 2
B11: 20 Kasım 2018 Cumartesi | C11: 21 Kasım 2018 Pazar | D11: 0.33333333 | E11: 0.33333333 | F11: 30.06.22-30.06.23 | G11: 20 | H11: 1
F12: 30.06.23-30.06.24 | G12: 20
F38: TOPLAMLAR | G38: =SUM(G8:G37) -> 100 | H38: =SUM(H8:H37) -> 4.5
F40: KALAN FARK(-/+) | H40: =G38-H38 -> 95.5

Sheet 3
A1: ADI SOYADI | B1: ALİ TASLAK | C1: PERSONEL İZİN ÇİZELGESİ
A2: T.C.KİMLİK NO | B2: 67282150540
A3: GÖREVİ | B3: İNŞAAT USTASI
A4: İŞE GİRİŞ TARİHİ | B4: 41075
A5: DOĞUM TARİHİ | B5: 24899
A6: PERSONEL İZİN ÇİZELGESİ | J6: Ana Sayfa | L6: 45898 | M6: e kadar tazminatını aldı
A7: İZİN NEDENİ | B7: İZİNE ÇIKIŞ TARİHİ | C7: İZİNDEN DÖNÜŞ TARİHİ | D7: İZİNE ÇIKIŞ SAATİ | E7: İZİNDEN DÖNÜŞ SAATİ | F7: İZNİ KAZANDIĞI TARİH ARALIĞI | G7: SENELİK İZİN HAKKI TUTARI | H7: KULLANILAN İZİN TUTARI | L7: 45899 | M7: YENİ KIDEMİ BAŞLADI
B8: 41263 | C8: 41267 | D8: 0.54166667 | E8: 0.33333333 | F8: 15.06.12-15.06.13 | G8: 14 | H8: 3 | L8: 45898 | M8: emekli oldu kıdemi hesaplandı henüz verilmedi
B9: 41282 | C9: 41283 | D9: 0.33333333 | E9: 0.33333333 | F9: 15.06.13-15.06.14 | G9: 14 | H9: 1
B10: 41313 | C10: 41314 | D10: 0.54166667 | E10: 0.33333333 | F10: 15.06.14-15.06.15 | G10: 14 | H10: 0.5
B11: 41341 | C11: 41342 | D11: 0.54166667 | E11: 0.33333333 | F11: 15.06.15-15.06.16 | G11: 14 | H11: 0.5
B12: 41372 | C12: 41342 | D12: 0.58333333 | E12: 0.3125 | F12: 15.06.16-15.06.17 | G12: 14 | H12: 0.5
B13: 41401 | C13: 41402 | D13: 0.5 | E13: 0.3125 | F13: 15.06.17-15.06.18 | G13: 20 | H13: 0.5
B14: 41409 | C14: 41410 | D14: 0.54166667 | E14: 0.3125 | F14: 15.06.18-15.06.19 | G14: 20 | H14: 0.5
B15: 41435 | C15: 41436 | D15: 0.45833333 | E15: 0.3125 | F15: 15.06.19-15.06.20 | G15: 20 | H15: 0.5
B16: 41453 | C16: 41454 | D16: 0.5625 | E16: 0.3125 | F16: 15.06.20-15.06.21 | G16: 20 | H16: 0.5
B17: 41549 | C17: 41550 | D17: 0.60416667 | E17: 0.33333333 | F17: 15.06.21-15.06.22 | G17: 20 | H17: 0.5
B18: 41691 | C18: 41327 | D18: 0.5625 | E18: 0.33333333 | F18: 15.06.22-15.06.23 | G18: 20 | H18: 0.5
B19: 41768 | C19: 41770 | D19: 0.58333333 | E19: 0.33333333 | F19: 15.06.23-15.06.24 | G19: 20 | H19: 1.5
B20: 42116 | C20: 42117 | D20: 0.6125 | E20: 0.33333333 | F20: 15.06.24-15.06.25 | G20: 20 | H20: 0.5
B21: 43225 | C21: 43226 | D21: 0.33333333 | E21: 0.33333333 | H21: 1
B22: 43357 | C22: 43358 | D22: 0.33333333 | E22: 0.33333333 | H22: 1
B23: 43297 | C23: 43298 | D23: 0.58333333 | E23: 0.33333333 | H23: 0.5
B24: 43368 | C24: 43372 | D24: 0.33333333 | E24: 0.33333333 | H24: 5
B25: 43424 | C25: 43425 | D25: 0.33333333 | E25: 0.33333333 | H25: 1
B26: 43431 | C26: 43433 | D26: 0.33333333 | E26: 0.33333333 | H26: 2
B27: 43501 | C27: 43507 | D27: 0.33333333 | E27: 0.33333333 | H27: 6
B28: 43535 | C28: 43539 | D28: 0.33333333 | E28: 0.33333333 | H28: 4
B29: 43571 | C29: 43572 | D29: 0.33333333 | E29: 0.33333333 | H29: 1
B30: 43603 | C30: 43604 | D30: 0.33333333 | E30: 0.33333333 | H30: 1
B31: 43721 | C31: 43722 | D31: 0.33333333 | E31: 0.33333333 | H31: 1
B32: 43754 | C32: 43756 | D32: 0.33333333 | E32: 0.33333333 | H32: 2
... B39: 44210 | C39: 44212 | D39: 0.5 | E39: 0.33333333 | H39: 2.5
B40: 44242 | C40: 44249 | D40: 08.00 | E40: 0.33333333 | H40: 6
B41: 44278 | C41: 44279 | D41: 0.33333333 | E41: 0.33333333 | H41: 1
B42: 44279 | C42: 44281 | D42: 0.33333333 | E42: 0.33333333 | H42: 2
B43: 44225 | C43: 44287 | D43: 0.33333333 | E43: 0.33333333 | H43: 3
B44: 44389 | C44: 44394 | D44: 0.33333333 | E44: 0.33333333 | H44: 5
B45: 44544 | C45: 44548 | D45: 0.33333333 | E45: 0.75 | H45: 5
B46: 44587 | C46: 44590 | D46: 0.33333333 | E46: 0.33333333 | H46: 3
B47: 44595 | C47: 44596 | D47: 0.33333333 | E47: 0.33333333 | H47: 1
B48: 44616 | C48: 44618 | D48: 0.33333333 | E48: 0.33333333 | H48: 3
B49: 44634 | C49: 44641 | D49: 0.33333333 | E49: 0.33333333 | H49: 7
B50: 45016 | C50: 45040 | D50: 0.33333333 | E50: 0.33333333 | H50: 19
B51: 45239 | C51: 45240 | D51: 0.33333333 | E51: 0.33333333 | H51: 1
B52: 45266 | C52: 45273 | D52: 0.33333333 | E52: 0.33333333 | H52: 6
... B55: 45359 | C55: 45362 | D55: 0.33333333 | E55: 0.33333333 | H55: 2
B56: 17.05.2024 CUMA | C56: 20.05.2024 PAZARTESİ | D56: 0.33333333 | E56: 0.33333333 | H56: 1.5
B57: 24.05.2024 CUMA | C57: 24.05.2024 CUMA | D57: 0.33333333 | E57: 0.33333333 | H57: 1
B58: 45449 | C58: 45467 | D58: 0.33333333 | E58: 0.33333333 | H58: 11
B59: 45528 | C59: 45646 | D59: 0.33333333 | E59: 0.33333333 | H59: 1
B60: 45694 | C60: 45696 | D60: 0.33333333 | E60: 0.33333333 | H60: 3
B61: 45882 | C61: 45894 | D61: 0.33333333 | E61: 0.33333333 | H61: 10
B62: 46104 | C62: 46105 | H62: 1
F71: TOPLAMLAR | G71: =SUM(G8:G70) -> 230 | H71: =SUM(H8:H70) -> 153
F73: KALAN FARK(-/+) | H73: =G71-H71 -> 77

Sheet 4
A1: ADI SOYADI | B1: ='ANA SAYFA'!B5 -> BAYRAM CAN YILMAZ | C1: PERSONEL İZİN ÇİZELGESİ | J1: ANA SAYFA
A2: T.C.KİMLİK NO | B2: ='ANA SAYFA'!D5 -> 31268318552
A3: GÖREVİ | B3: ='ANA SAYFA'!C5 -> TIR-ÇEKİCİ ŞOFÖRÜ
A4: İŞE GİRİŞ TARİHİ | B4: ='ANA SAYFA'!E5 -> 46078
A5: DOĞUM TARİHİ | B5: ='ANA SAYFA'!F5 -> 36392
A6: İZİN NEDENİ | B6: İZİNE ÇIKIŞ TARİHİ | C6: İZİNDEN DÖNÜŞ TARİHİ | D6: İZİNE ÇIKIŞ SAATİ | E6: İZİNDEN DÖNÜŞ SAATİ | F6: İZNİ KAZANDIĞI TARİH ARALIĞI | G6: SENELİK İZİN HAKKI TUTARI | H6: KULLANILAN İZİN TUTARI
B7: 46099 | C7: 46100 | H7: 1
F33: TOPLAMLAR | G33: =SUM(G7:G32) -> 0 | H33: =SUM(H7:H32) -> 1
F35: KALAN FARK(-/+) | H35: =G33-H33 -> -1

Sheet 5
A1: ADI SOYADI | B1: ='ANA SAYFA'!B6 -> AVNİ ÖZGÜR | C1: PERSONEL İZİN ÇİZELGESİ
A2: T.C.KİMLİK NO | B2: ='ANA SAYFA'!D6 -> 23270269090
A3: GÖREVİ | B3: ='ANA SAYFA'!C6 -> TIR-ÇEKİCİ ŞOFÖRÜ
A4: İŞE GİRİŞ TARİHİ | B4: ='ANA SAYFA'!E6 -> 44355
A5: DOĞUM TARİHİ | B5: ='ANA SAYFA'!F6 -> 24001
A6: PERSONEL İZİN ÇİZELGESİ | J6: Ana Sayfa
A7: İZİN NEDENİ | B7: İZİNE ÇIKIŞ TARİHİ | C7: İZİNDEN DÖNÜŞ TARİHİ | D7: İZİNE ÇIKIŞ SAATİ | E7: İZİNDEN DÖNÜŞ SAATİ | F7: İZNİ KAZANDIĞI TARİH ARALIĞI | G7: SENELİK İZİN HAKKI TUTARI | H7: KULLANILAN İZİN TUTARI
B8: 44526 | C8: 44527 | D8: 0.33333333 | E8: 0.33333333 | F8: 08.06.21-08.06.22 | G8: 20 | H8: 1
B9: 45052 | C9: 45054 | D9: 0.33333333 | E9: 0.33333333 | F9: 08.06.22-08.06.23 | G9: 20 | H9: 1
B10: 45157 | C10: 45159 | D10: 0.33333333 | E10: 0.33333333 | F10: 08.06.23-08.06.24 | G10: 20 | H10: 1
B11: 45248 | C11: 45250 | D11: 0.33333333 | E11: 0.33333333 | F11: 08.06.24-08.06.25 | G11: 20 | H11: 1
B12: 45356 | C12: 45369 | D12: 0.33333333 | E12: 0.33333333 | F12: 08. 06.25-08.06.26 | G12: 20 | H12: 11
B13: 27.05.2024 Pazartesi | C13: 45456 | D13: 0.33333333 | E13: 0.33333333 | H13: 15
B14: 45535 | C14: 45535 | D14: 0.33333333 | E14: 0.33333333 | H14: 1
B15: 45677 | C15: 45677 | D15: 0.33333333 | E15: 0.33333333 | H15: 1
B16: 45790 | C16: 45791 | D16: 0.33333333 | E16: 0.33333333 | H16: 2
B17: 45878 | C17: 45880 | D17: 0.33333333 | E17: 0.33333333 | H17: 0.5
B18: 45887 | C18: 45894 | D18: 0.33333333 | E18: 0.33333333 | H18: 6
B19: 45908 | C19: 45922 | D19: 0.33333333 | E19: 0.33333333 | H19: 12
B20: 45964 | C20: 45976 | D20: 0.54166667 | E20: 0.33333333 | H20: 11.5
B21: 46191 | C21: 46192 | H21: 1
B22: 46195 | C22: 46197 | H22: 2
B23: 46202 | C23: 46203 | H23: 1
F38: TOPLAMLAR | G38: =SUM(G8:G37) -> 100 | H38: =SUM(H8:H37) -> 68
F40: KALAN FARK(-/+) | H40: =G38-H38 -> 32

Sheet 6
A1: ADI SOYADI | B1: ='ANA SAYFA'!B7 -> BEKİR BAHAR | C1: PERSONEL İZİN ÇİZELGESİ
A2: T.C.KİMLİK NO | B2: ='ANA SAYFA'!D7 -> 11517017542
A3: GÖREVİ | B3: ='ANA SAYFA'!C7 -> MUHASEBE ŞEFİ
A4: İŞE GİRİŞ TARİHİ | B4: ='ANA SAYFA'!E7 -> 41288
A5: DOĞUM TARİHİ | B5: ='ANA SAYFA'!F7 -> 30225
A6: PERSONEL İZİN ÇİZELGESİ | J6: Ana Sayfa
A7: İZİN NEDENİ | B7: İZİNE ÇIKIŞ TARİHİ | C7: İZİNDEN DÖNÜŞ TARİHİ | D7: İZİNE ÇIKIŞ SAATİ | E7: İZİNDEN DÖNÜŞ SAATİ | F7: İZNİ KAZANDIĞI TARİH ARALIĞI | G7: SENELİK İZİN HAKKI TUTARI | H7: KULLANILAN İZİN TUTARI
B8: 42296 | C8: 42310 | D8: 0.33333333 | E8: 0.33333333 | F8: 14.01.2013-14.01.2014 | G8: 14 | H8: 11
B9: 42559 | C9: 42562 | D9: 0.33333333 | E9: 0.33333333 | F9: 14.01.2014-14.01.2015 | G9: 14 | H9: 2
B10: 8 Eylül 2016 Perşembe | C10: 16 Eylül 2016 Cuma | D10: 0.33333333 | E10: 0.33333333 | F10: 14.01.2015-14.01.2016 | G10: 14 | H10: 3
B11: 42662 | C11: 42676 | D11: 0.33333333 | E11: 0.33333333 | F11: 14.01.2016-14.01.2017 | G11: 14 | H11: 11
B12: 42700 | C12: 42702 | D12: 0.33333333 | E12: 0.33333333 | F12: 14.01.2017-14.01.2018 | G12: 14 | H12: 1
B13: 42909 | C13: 42919 | D13: 0.33333333 | E13: 0.33333333 | F13: 14.01.2018-14.01.2019 | G13: 20 | H13: 5
B14: 9 Ağustos 2017 Çarşamba | C14: 25 Ağustos 2017 Cuma | D14: 0.33333333 | E14: 0.33333333 | F14: 14.01.2019-14.01.2020 | G14: 20 | H14: 10
B15: 43325 | C15: 43339 | D15: 0.33333333 | E15: 0.33333333 | F15: 14.01.2020-14.01.2021 | G15: 20 | H15: 6
B16: 43431 | C16: 43432 | D16: 0.33333333 | E16: 0.33333333 | F16: 14.01.2021-14.01.2022 | G16: 20 | H16: 1
B17: 43465 | C17: 43472 | D17: 0.33333333 | E17: 0.33333333 | F17: 14.01.2022-14.01.2023 | G17: 20 | H17: 6
B18: 43582 | C18: 43584 | D18: 0.33333333 | E18: 0.33333333 | F18: 14.01.2023-14.01.2024 | G18: 20 | H18: 1
B19: 43623 | C19: 43626 | D19: 0.33333333 | E19: 0.33333333 | F19: 14.01.2024-14.01.2025 | G19: 20 | H19: 2
B20: 16 Temmuz 2021 Cuma | C20: 19 Temmuz 2021 Pazartesi | D20: 0.33333333 | E20: 0.33333333 | F20: 14.01.2025-14.01.2026 | G20: 20 | H20: 2
B21: 44613 | C21: 25 Şubat 2022 Cuma | D21: 0.33333333 | E21: 0.33333333 | H21: 4
B22: 23 ağustos 2022 Salı | C22: 29 Ağustos 2022 Pazartesi | D22: 0.33333333 | E22: 0.33333333 | H22: 5
B23: 20 Ekim 2022 Perşembe | C23: 7 kasım 2022 Pazartesi | D23: 0.33333333 | E23: 0.33333333 | H23: 14
B24: 45047 | C24: 45048 | D24: 0.33333333 | E24: 0.33333333 | H24: 1
B25: 45098 | C25: 45117 | D25: 0.33333333 | E25: 0.33333333 | H25: 10
B26: 45257 | C26: 45264 | D26: 0.33333333 | E26: 0.33333333 | H26: 5
B27: 45274 | C27: 45275 | D27: 0.33333333 | E27: 0.33333333 | H27: 1
B28: 45302 | C28: 45306 | D28: 0.33333333 | E28: 0.33333333 | H28: 2
B29: 45467 | C29: 45471 | D29: 0.33333333 | E29: 0.33333333 | H29: 5
B30: 45516 | C30: 45535 | D30: 0.33333333 | E30: 0.33333333 | H30: 17
B31: 45617 | C31: 45619 | D31: 0.33333333 | E31: 0.33333333 | H31: 3
B32: 45834 | C32: 45834 | D32: 0.33333333 | E32: 0.33333333 | H32: 1
B33: 45909 | C33: 45922 | D33: 0.33333333 | E33: 0.33333333 | H33: 4
B34: 46098 | C34: 46104 | D34: 0.33333333 | E34: 0.33333333 | H34: 2
F36: TOPLAMLAR | G36: =SUM(G8:G35) -> 230 | H36: =SUM(H8:H35) -> 135
F38: KALAN FARK(-/+) | H38: =G36-H36 -> 95

Sheet 7
A1: ADI SOYADI | B1: ='ANA SAYFA'!B8 -> CELAL UNSUR | C1: PERSONEL İZİN ÇİZELGESİ
A2: T.C.KİMLİK NO | B2: ='ANA SAYFA'!D8 -> 52795285216
A3: GÖREVİ | B3: ='ANA SAYFA'!C8 -> KAYNAKÇI
A4: İŞE GİRİŞ TARİHİ | B4: ='ANA SAYFA'!E8 -> 43745
A5: DOĞUM TARİHİ | B5: ='ANA SAYFA'!F8 -> 22335
A6: İZİN NEDENİ | B6: İZİNE ÇIKIŞ TARİHİ | C6: İZİNDEN DÖNÜŞ TARİHİ | D6: İZİNE ÇIKIŞ SAATİ | E6: İZİNDEN DÖNÜŞ SAATİ | F6: İZNİ KAZANDIĞI TARİH ARALIĞI | G6: SENELİK İZİN HAKKI TUTARI | H6: KULLANILAN İZİN TUTARI | J6: ANA SAYFA
B7: 44106 | C7: 44116 | D7: 0.33333333 | E7: 0.33333333 | F7: 07.10.19-07.10.20 | G7: 20 | H7: 8
B8: 44455 | C8: 44466 | D8: 0.33333333 | E8: 0.33333333 | F8: 07.10.20-07.10.21 | G8: 20 | H8: 9
B9: 44723 | C9: 44724 | D9: 0.33333333 | E9: 0.33333333 | F9: 07.10.21-07.10.22 | G9: 20 | H9: 1
B10: 44725 | C10: 44726 | D10: 0.33333333 | E10: 0.33333333 | F10: 07.10.22-07.10.23 | G10: 20 | H10: 1
B11: 44735 | C11: 44736 | D11: 0.33333333 | E11: 0.33333333 | F11: 07.10.23-07.10.24 | G11: 20 | H11: 1
B12: 44778 | C12: 44778 | D12: 0.33333333 | E12: 0.75 | F12: 07.10.24-07.10.25 | G12: 20 | H12: 1
B13: 44790 | C13: 44790 | D13: 0.33333333 | E13: 0.75 | H13: 1
B14: 26 Ağustos 2022 Cuma | C14: 12 Eylül 2022 Pazartesi | D14: 0.33333333 | E14: 0.33333333 | H14: 13
B15: 44833 | C15: 44833 | D15: 0.33333333 | E15: 0.75 | H15: 1
B16: 44861 | C16: 44862 | D16: 0.33333333 | E16: 0.33333333 | H16: 1
B17: 45157 | C17: 45176 | D17: 0.33333333 | E17: 0.33333333 | H17: 15
B18: 45208 | C18: 45209 | D18: 0.33333333 | E18: 0.33333333 | H18: 1
B19: 45212 | C19: 45215 | D19: 0.33333333 | E19: 0.33333333 | H19: 2
B20: 45218 | C20: 45219 | D20: 0.33333333 | E20: 0.33333333 | H20: 1
B21: 45238 | C21: 45239 | D21: 0.33333333 | E21: 0.33333333 | H21: 1
B22: 45265 | C22: 45271 | D22: 0.33333333 | E22: 0.33333333 | H22: 5
B23: 01.04.2024 PAZARTESİ | C23: 01.04.2024 PAZARTESİ | D23: 0.33333333 | E23: 0.33333333 | H23: 1
B24: 45409 | C24: 45411 | D24: 0.33333333 | E24: 08.00 | H24: 1
B25: 20.05.2024 Pazartesi | C25: 20.05.2024 Pazartesi | D25: 0.33333333 | E25: 08.00 | H25: 1
B26: 45518 | C26: 45524 | D26: 0.33333333 | E26: 08.00 | H26: 6
B27: 45538 | C27: 45549 | D27: 0.33333333 | E27: 08.00 | H27: 11
B28: 111299 | C28: 45556 | D28: 0.33333333 | E28: 08.00 | H28: 1
B29: 45581 | C29: 45581 | D29: 0.33333333 | E29: 08.00 | H29: 1
B30: 45649 | C30: 45649 | D30: 0.33333333 | E30: 08.00 | H30: 1
B31: 45667 | C31: 45668 | D31: 0.33333333 | E31: 08.00 | H31: 2
B32: 45800 | C32: 45801 | D32: 0.33333333 | E32: 08.00 | H32: 2
B33: 45803 | C33: 45803 | D33: 0.33333333 | E33: 08.00 | H33: 1
B34: 45794 | C34: 45794 | D34: 0.54166667 | E34: 0.33333333 | H34: 0.5
B35: 45835 | C35: 45835 | D35: 0.33333333 | E35: 0.33333333 | H35: 1
B36: 45859 | C36: 45859 | D36: 0.33333333 | E36: 0.33333333 | H36: 1
B37: 45882 | C37: 45883 | D37: 0.33333333 | E37: 0.33333333 | H37: 1
B38: 45883 | C38: 45887 | D38: 0.33333333 | E38: 0.33333333 | H38: 3
B39: 45951 | C39: 45952 | H39: 1
B40: 45965 | C40: 45966 | H40: 1
B41: 45985 | C41: 46006 | H41: 18
B42: 46021 | C42: 46022 | H42: 1
B43: 46042 | C43: 46043 | H43: 1
B44: 46048 | C44: 46069 | H44: 18
B45: 46104 | C45: 46105 | H45: 1
B46: MART2026 MAAŞINDAN KESİNTİ | H46: -3
F51: TOPLAMLAR | G51: =SUM(G5:G50) -> 120 | H51: =SUM(H7:H50) -> 134.5
F53: KALAN FARK(-/+) | H53: =G51-H51 -> -14.5

Sheet 8
A1: ADI SOYADI | B1: ='ANA SAYFA'!B9 -> DOĞAN NESANIR | C1: PERSONEL İZİN ÇİZELGESİ | J1: Ana Sayfa
A2: T.C.KİMLİK NO | B2: ='ANA SAYFA'!D9 -> 19895542946
A3: GÖREVİ | B3: ='ANA SAYFA'!C9 -> EKSKAVATÖR OPERATÖR
A4: İŞE GİRİŞ TARİHİ | B4: ='ANA SAYFA'!E9 -> 44372
A5: DOĞUM TARİHİ | B5: ='ANA SAYFA'!F9 -> 25692
A6: İZİN NEDENİ | B6: İZİNE ÇIKIŞ TARİHİ | C6: İZİNDEN DÖNÜŞ TARİHİ | D6: İZİNE ÇIKIŞ SAATİ | E6: İZİNDEN DÖNÜŞ SAATİ | F6: İZNİ KAZANDIĞI TARİH ARALIĞI | G6: SENELİK İZİN HAKKI TUTARI | H6: KULLANILAN İZİN TUTARI
B7: 26 Ocak 2022 Çarşamba | C7: 28 Ocak 2022 Cuma | D7: 0.33333333 | E7: 0.33333333 | F7: 25.06.21-25.06.22 | G7: 20 | H7: 2
B8: 9 Eylül 2022 Cuma | C8: 44816 | D8: 0.33333333 | E8: 0.33333333 | F8: 25.06.22-25.06.23 | G8: 20 | H8: 2
B9: 45051 | C9: 45052 | D9: 0.33333333 | E9: 0.33333333 | F9: 25.06.23-25.06.24 | G9: 20 | H9: 1
B10: 45209 | C10: 45213 | D10: 0.33333333 | E10: 0.33333333 | F10: 25.06.24-25.06.25 | G10: 20 | H10: 4
B11: 45254 | C11: 45257 | D11: 0.33333333 | E11: 0.33333333 | H11: 2
B12: 45453 | C12: 45462 | D12: 0.33333333 | E12: 0.33333333 | H12: 5
B13: 3 | C13: 45554 | D13: 0.33333333 | E13: 0.33333333 | H13: 15
B14: 45593 | C14: 45593 | D14: 0.33333333 | E14: 0.33333333 | H14: 1
B15: 45744 | C15: 45744 | D15: 0.5 | E15: 0.33333333 | H15: 0.5
B16: 45792 | C16: 45792 | D16: 0.33333333 | E16: 0.33333333 | H16: 1
B17: 45936 | C17: 45943 | D17: 0.33333333 | E17: 0.33333333 | H17: 6
B18: 46051 | C18: 46052 | H18: 1
B19: 46107 | C19: 46108 | H19: 1
B20: 46165 | C20: 46175 | H20: 3
F28: TOPLAMLAR | G28: =SUM(G7:G27) -> 80 | H28: =SUM(H7:H27) -> 44.5
F30: KALAN FARK(-/+) | H30: =G28-H28 -> 35.5

Sheet 9
A1: ADI SOYADI | B1: ='ANA SAYFA'!B10 -> EMİN İLHAN | C1: PERSONEL İZİN ÇİZELGESİ | J1: ANA SAYFA
A2: T.C.KİMLİK NO | B2: ='ANA SAYFA'!D10 -> 13235872786
A3: GÖREVİ | B3: ='ANA SAYFA'!C10 -> MADEN MÜHENDİSİ
A4: İŞE GİRİŞ TARİHİ | B4: ='ANA SAYFA'!E10 -> 42873
A5: DOĞUM TARİHİ | B5: ='ANA SAYFA'!F10 -> 30453
A6: İZİN NEDENİ | B6: İZİNE ÇIKIŞ TARİHİ | C6: İZİNDEN DÖNÜŞ TARİHİ | D6: İZİNE ÇIKIŞ SAATİ | E6: İZİNDEN DÖNÜŞ SAATİ | F6: İZNİ KAZANDIĞI TARİH ARALIĞI | G6: SENELİK İZİN HAKKI TUTARI | H6: KULLANILAN İZİN TUTARI
B7: 4 Temmuz 2022 Pazartesi | C7: 19 Temmuz 2022 Salı | D7: 0.33333333 | E7: 0.33333333 | F7: 18.05.17-18.05.18 | G7: 14 | H7: 8
B8: 45306 | C8: 45316 | D8: 0.33333333 | E8: 0.33333333 | F8: 18.05.18-18.05.19 | G8: 14 | H8: 9
B9: 45467 | C9: 45472 | D9: 0.33333333 | E9: 0.33333333 | F9: 18.05.19-18.05.20 | G9: 14 | H9: 6
B10: 45506 | C10: 45507 | D10: 0.33333333 | E10: 0.33333333 | F10: 18.05.20-18.05.21 | G10: 14 | H10: 2
F11: 18.05.21-18.05.22 | G11: 14
F12: 18.05.22-18.05.23 | G12: 20
F13: 18.05.23-18.05.24 | G13: 20
F30: TOPLAMLAR | G30: =SUM(G5:G29) -> 110 | H30: =SUM(H7:H29) -> 25
F32: KALAN FARK(-/+) | H32: =G30-H30 -> 85

Sheet 10
A1: ADI SOYADI | B1: ='ANA SAYFA'!B11 -> MUHAMMETCAN GÜNDOĞDU | C1: PERSONEL İZİN ÇİZELGESİ | J1: ANA SAYFA
A2: T.C.KİMLİK NO | B2: ='ANA SAYFA'!D11 -> 39382583696
A3: GÖREVİ | B3: ='ANA SAYFA'!C11 -> İŞ MAKİNELERİ YAĞCISI
A4: İŞE GİRİŞ TARİHİ | B4: ='ANA SAYFA'!E11 -> 45870
A5: DOĞUM TARİHİ | B5: ='ANA SAYFA'!F11 -> 39326
A6: İZİN NEDENİ | B6: İZİNE ÇIKIŞ TARİHİ | C6: İZİNDEN DÖNÜŞ TARİHİ | D6: İZİNE ÇIKIŞ SAATİ | E6: İZİNDEN DÖNÜŞ SAATİ | F6: İZNİ KAZANDIĞI TARİH ARALIĞI | G6: SENELİK İZİN HAKKI TUTARI | H6: KULLANILAN İZİN TUTARI
B7: 46051 | C7: 46052 | H7: 1 | J7: İMZASIZ
F45: TOPLAMLAR | G45: =SUM(G5:G44) -> 0 | H45: =SUM(H7:H44) -> 1
F47: KALAN FARK(-/+) | H47: =G45-H45 -> -1

Sheet 11
A1: ADI SOYADI | B1: ='ANA SAYFA'!B12 -> EYÜP ÇELENK | C1: PERSONEL İZİN ÇİZELGESİ | J1: ANA SAYFA
A2: T.C.KİMLİK NO | B2: ='ANA SAYFA'!D12 -> 38564093244
A3: GÖREVİ | B3: ='ANA SAYFA'!C12 -> DOZER OPERATÖR
A4: İŞE GİRİŞ TARİHİ | B4: ='ANA SAYFA'!E12 -> 44196
A5: DOĞUM TARİHİ | B5: ='ANA SAYFA'!F12 -> 24504
A6: İZİN NEDENİ | B6: İZİNE ÇIKIŞ TARİHİ | C6: İZİNDEN DÖNÜŞ TARİHİ | D6: İZİNE ÇIKIŞ SAATİ | E6: İZİNDEN DÖNÜŞ SAATİ | F6: İZNİ KAZANDIĞI TARİH ARALIĞI | G6: SENELİK İZİN HAKKI TUTARI | H6: KULLANILAN İZİN TUTARI
B7: 3 Mart 2021 Çarşamba | C7: 4 Mart 2021 Çarşamba | D7: 0.60416667 | E7: 0.33333333 | F7: 31.12.20-31.12.21 | G7: 20 | H7: 0.5
B8: 16 Eylül 2021 Perşembe | C8: 27 Eylül 2021 Pazartesi | D8: 0.33333333 | E8: 0.33333333 | F8: 31.12.21-31.12.22 | G8: 20 | H8: 9
B9: 6 Haziran 2022 Pazartesi | C9: 7 Haziran 2022 Salı | D9: 0.33333333 | E9: 0.33333333 | F9: 31.12.22-31.12.23 | G9: 20 | H9: 1
B10: 12 Eylül 20222 Pazartesi | C10: 23 Eylül 2022 Pazartesi | D10: 0.33333333 | E10: 0.33333333 | F10: 31.12.23-31.12.24 | G10: 20 | H10: 10
B11: 45194 | C11: 45208 | D11: 0.33333333 | E11: 0.33333333 | F11: 31.12.24-31.12.25 | G11: 20 | H11: 12
B12: 45495 | C12: 45511 | D12: 0.33333333 | E12: 0.33333333 | H12: 15
B13: 45518 | C13: 45519 | D13: 0.33333333 | E13: 0.33333333 | H13: 2
A14: 1. YAKIN VEFAT | B14: 45696 | C14: 45699 | D14: 0.33333333 | E14: 0.33333333
B15: 45700 | C15: 45703 | D15: 0.33333333 | E15: 0.33333333 | H15: 4
B16: 45806 | C16: 45806 | D16: 0.33333333 | E16: 0.33333333 | H16: 1
B17: 45859 | C17: 45861 | D17: 0.33333333 | E17: 0.33333333 | H17: 3
B18: 45887 | C18: 45888 | D18: 0.33333333 | E18: 0.33333333 | H18: 1
B19: 46099 | C19: 46100 | H19: 1
B20: 46165 | C20: 46174 | H20: 2
F34: TOPLAMLAR | G34: =SUM(G7:G33) -> 100 | H34: =SUM(H7:H33) -> 61.5
F36: KALAN FARK(-/+) | H36: =G34-H34 -> 38.5

Sheet 12
A1: ADI SOYADI | B1: ='ANA SAYFA'!B13 -> ÇETİN ÖZYÜKSEL | C1: PERSONEL İZİN ÇİZELGESİ | J1: Ana Sayfa
A2: T.C.KİMLİK NO | B2: ='ANA SAYFA'!D13 -> 49729730652
A3: GÖREVİ | B3: ='ANA SAYFA'!C13 -> KAYNAKCI
A4: İŞE GİRİŞ TARİHİ | B4: ='ANA SAYFA'!E13 -> 45170
A5: DOĞUM TARİHİ | B5: ='ANA SAYFA'!F13 -> 27708
A6: İZİN NEDENİ | B6: İZİNE ÇIKIŞ TARİHİ | C6: İZİNDEN DÖNÜŞ TARİHİ | D6: İZİNE ÇIKIŞ SAATİ | E6: İZİNDEN DÖNÜŞ SAATİ | F6: İZNİ KAZANDIĞI TARİH ARALIĞI | G6: SENELİK İZİN HAKKI TUTARI | H6: KULLANILAN İZİN TUTARI
B7: 45451 | C7: 45454 | D7: 0.33333333 | E7: 0.33333333 | F7: 1.09.2023-1.09.2024 | G7: 14 | H7: 3
F8: 1.09.2024-1.09.2025 | G8: 14
B9: 45558 | C9: 45558 | D9: 0.5 | E9: 0.33333333 | H9: 0.5
B10: 45563 | C10: 45563 | D10: 0.33333333 | E10: 0.33333333 | H10: 1
B11: 45577 | C11: 45577 | D11: 0.33333333 | E11: 0.33333333 | H11: 1
B12: 45607 | C12: 45607 | D12: 0.33333333 | E12: 0.33333333 | H12: 1
B13: 45654 | C13: 45654 | D13: 0.33333333 | E13: 0.33333333 | H13: 1
B14: 45679 | C14: 45680 | D14: 0.33333333 | E14: 0.33333333 | H14: 2
B15: 45717 | C15: 45717 | D15: 0.33333333 | E15: 0.33333333 | H15: 1
B16: 45829 | C16: 45829 | D16: 0.33333333 | E16: 0.33333333 | H16: 1
B17: 45863 | C17: 45863 | D17: 0.33333333 | E17: 0.33333333 | H17: 1
B18: 45878 | C18: 45880 | D18: 0.33333333 | E18: 0.33333333 | H18: 1
B19: 45894 | C19: 45899 | D19: 0.33333333 | E19: 0.33333333 | H19: 5
B20: 45945 | C20: 45946 | D20: 0.33333333 | E20: 0.33333333 | H20: 1
B21: 45979 | C21: 45980 | D21: 0.33333333 | E21: 0.33333333 | H21: 1
B22: 46024 | C22: 46041 | H22: 14
B23: 46111 | C23: 46112 | H23: 1
B24: MART2026 MAAŞINDAN KESİLDİ | H24: -3
F27: TOPLAMLAR | G27: =SUM(G5:G26) -> 28 | H27: =SUM(H7:H26) -> 32.5
F29: KALAN FARK(-/+) | H29: =G27-H27 -> -4.5

Sheet 13
A1: ADI SOYADI | B1: ='ANA SAYFA'!B14 -> SATILMIŞ ÇAKAR | C1: PERSONEL İZİN ÇİZELGESİ | J1: ANA SAYFA
A2: T.C.KİMLİK NO | B2: ='ANA SAYFA'!D14 -> 45814447276
A3: GÖREVİ | B3: ='ANA SAYFA'!C14 -> BEKO LODER OPT.
A4: İŞE GİRİŞ TARİHİ | B4: ='ANA SAYFA'!E14 -> 45527
A5: DOĞUM TARİHİ | B5: ='ANA SAYFA'!F14 -> 27507
A6: İZİN NEDENİ | B6: İZİNE ÇIKIŞ TARİHİ | C6: İZİNDEN DÖNÜŞ TARİHİ | D6: İZİNE ÇIKIŞ SAATİ | E6: İZİNDEN DÖNÜŞ SAATİ | F6: İZNİ KAZANDIĞI TARİH ARALIĞI | G6: SENELİK İZİN HAKKI TUTARI | H6: KULLANILAN İZİN TUTARI | J6: 45930 | K6: kıdem tazminatını aldı | L6: 45931 | M6: yeni işe girişi
B7: 45570 | C7: 45570 | D7: 0.33333333 | E7: 0.33333333 | F7: 22.08.2024-22.08.2025 | G7: 20 | H7: 1
B8: 45698 | C8: 45699 | D8: 0.33333333 | E8: 0.33333333 | H8: 2
B9: MART 2025 MAAŞINDAN YAPILAN KESİNTİ | H9: -2
B10: NİSAN 2025 MAAŞINDAN YAPILAN KESİNTİ | H10: -1
B11: 45818 | C11: 45819 | H11: 1
B12: 45873 | C12: 45876 | D12: 0.33333333 | E12: 0.33333333 | H12: 3
B13: 45976 | C13: 45985 | D13: 0.33333333 | E13: 0.33333333 | H13: 7
F34: TOPLAMLAR | G34: =SUM(G7:G33) -> 20 | H34: =SUM(H7:H33) -> 11
F36: KALAN FARK(-/+) | H36: =G34-H34 -> 9

Sheet 14
A1: ADI SOYADI | B1: ='ANA SAYFA'!B15 -> HİLMİ ÖZDEMİR | C1: PERSONEL İZİN ÇİZELGESİ | J1: ANA SAYFA
A2: T.C.KİMLİK NO | B2: ='ANA SAYFA'!D15 -> 50626705742
A3: GÖREVİ | B3: ='ANA SAYFA'!C15 -> OPERATÖR
A4: İŞE GİRİŞ TARİHİ | B4: ='ANA SAYFA'!E15 -> 41477
A5: DOĞUM TARİHİ | B5: ='ANA SAYFA'!F15 -> 26104
A6: İZİN NEDENİ | B6: İZİNE ÇIKIŞ TARİHİ | C6: İZİNDEN DÖNÜŞ TARİHİ | D6: İZİNE ÇIKIŞ SAATİ | E6: İZİNDEN DÖNÜŞ SAATİ | F6: İZNİ KAZANDIĞI TARİH ARALIĞI | G6: SENELİK İZİN HAKKI TUTARI | H6: KULLANILAN İZİN TUTARI
B7: 41918 | C7: 41932 | D7: 0.33333333 | E7: 0.33333333 | F7: 22.07.13-22.07.14 | G7: 14 | H7: 12
B8: 42310 | C8: 42331 | D8: 0.33333333 | E8: 0.33333333 | F8: 22.07.14-22.07.15 | G8: 14 | H8: 18
B9: 42632 | C9: 42644 | D9: 0.33333333 | E9: 0.33333333 | F9: 22.07.15-22.07.16 | G9: 14 | H9: 11
B10: 43017 | C10: 43024 | D10: 0.33333333 | E10: 0.33333333 | F10: 22.07.16-22.07.17 | G10: 14 | H10: 6
B11: 43424 | C11: 43428 | D11: 0.33333333 | E11: 0.33333333 | F11: 22.07.17-22.07.18 | G11: 14 | H11: 4
B12: 43815 | C12: 43825 | D12: 0.33333333 | E12: 0.33333333 | F12: 22.07.18-22.07.19 | G12: 20 | H12: 9
A13: 28 Günlük İzin 24.08.24 Tarihinde Ödenmiştir. | B13: 44102 | C13: 44117 | D13: 0.33333333 | E13: 0.33333333 | F13: 22.07.19-22.07.20 | G13: 20 | H13: 14
B14: 44298 | C14: 44308 | D14: 0.33333333 | E14: 0.33333333 | F14: 16.03.21-16.03.22 | G14: 20 | H14: 10
B15: 44652 | C15: 44674 | D15: 0.33333333 | E15: 0.33333333 | F15: 07.03.23-07.03.24 | G15: 20 | H15: 20
B16: 44680 | C16: 7 Mayıs 2022 Cumartesi | D16: 0.33333333 | E16: 0.33333333 | F16: 07.03.24-07.03.25 | G16: 20 | H16: 4
B17: 45088 | C17: 45103 | D17: 0.33333333 | E17: 0.33333333 | H17: 14
B18: 45250 | C18: 45262 | D18: 0.33333333 | E18: 0.33333333 | H18: 12
B19: 45490 | C19: 45488 | D19: 0.33333333 | E19: 0.33333333 | H19: 14
B20: 45530 | C20: 45531 | D20: 0.33333333 | E20: 0.33333333 | H20: 2
B21: 45749 | C21: 45749 | D21: 0.33333333 | E21: 0.33333333 | H21: 1
F34: TOPLAMLAR | G34: =SUM(G7:G33) -> 170 | H34: =SUM(H7:H33) -> 151
F36: KALAN FARK(-/+) | H36: =G34-H34 -> 19
A37: 41477 | B37: İşe giriş
A38: 44236 | B38: İşten Ayrılış
A39: 44271 | B39: İşe Giriş
A40: 44991 | B40: İşten Ayrılış | C40: Emeklilik-Tazminat Ödemesi
A41: 44992 | B41: İşe Giriş
A42: 45528 | B42: İşten Ayrılış | C42: Tazminat Ödendi
A43: 45566 | B43: İşe giriş | C43: Çalışmaya Devam Ediyor
A45: 56 Günlük İzin 28.03.25 Tarihinde Ödenmiştir. Hesabı kapatılmıştır.

Sheet 15
A1: ADI SOYADI | B1: ='ANA SAYFA'!B16 -> HASAN KURT | C1: PERSONEL İZİN ÇİZELGESİ | J1: ANA SAYFA
A2: T.C.KİMLİK NO | B2: ='ANA SAYFA'!D16 -> 10017059328
A3: GÖREVİ | B3: ='ANA SAYFA'!C16 -> SATIN ALMA SORUMLUSU
A4: İŞE GİRİŞ TARİHİ | B4: ='ANA SAYFA'!E16 -> 45477
A5: DOĞUM TARİHİ | B5: ='ANA SAYFA'!F16 -> 33492
A6: İZİN NEDENİ | B6: İZİNE ÇIKIŞ TARİHİ | C6: İZİNDEN DÖNÜŞ TARİHİ | D6: İZİNE ÇIKIŞ SAATİ | E6: İZİNDEN DÖNÜŞ SAATİ | F6: İZNİ KAZANDIĞI TARİH ARALIĞI | G6: SENELİK İZİN HAKKI TUTARI | H6: KULLANILAN İZİN TUTARI
B7: 45584 | C7: 45584 | D7: 0.33333333 | E7: 0.33333333 | F7: 4.07.2024-4.07.2025 | G7: 14 | H7: 1
B8: 45587 | C8: 45587 | D8: 0.33333333 | E8: 0.33333333 | H8: 1
B9: 45671 | C9: 45671 | D9: 0.33333333 | E9: 0.33333333 | H9: 1
B10: 45686 | C10: 45686 | D10: 0.5 | E10: 0.33333333 | H10: 0.5
B11: 45752 | C11: 45752 | D11: 0.33333333 | E11: 0.45833333 | H11: 0.5
B12: 45784 | C12: 45784 | D12: 0.33333333 | E12: 0.33333333 | H12: 1
B13: 45852 | C13: 45852 | D13: 0.33333333 | E13: 0.33333333 | H13: 1
B14: 45861 | C14: 45861 | D14: 0.33333333 | E14: 0.52083333 | H14: 0.5
B15: 45898 | C15: 45898 | D15: 0.33333333 | E15: 0.52083333 | H15: 0.5
B16: 45983 | C16: 45985 | D16: 0.33333333 | E16: 0.33333333 | H16: 1
B17: 46165 | C17: 46174 | H17: 2
F31: TOPLAMLAR | G31: =SUM(G5:G30) -> 14 | H31: =SUM(H7:H30) -> 10
F33: KALAN FARK(-/+) | H33: =G31-H31 -> 4

Sheet 16
A1: ADI SOYADI | B1: ='ANA SAYFA'!B17 -> HÜSAMETTİN GÜLTEKİN | C1: PERSONEL İZİN ÇİZELGESİ | J1: ANA SAYFA
A2: T.C.KİMLİK NO | B2: ='ANA SAYFA'!D17 -> 40033015848
A3: GÖREVİ | B3: ='ANA SAYFA'!C17 -> KÜREKÇİ
A4: İŞE GİRİŞ TARİHİ | B4: ='ANA SAYFA'!E17 -> 44937
A5: DOĞUM TARİHİ | B5: ='ANA SAYFA'!F17 -> 30752
A6: İZİN NEDENİ | B6: İZİNE ÇIKIŞ TARİHİ | C6: İZİNDEN DÖNÜŞ TARİHİ | D6: İZİNE ÇIKIŞ SAATİ | E6: İZİNDEN DÖNÜŞ SAATİ | F6: İZNİ KAZANDIĞI TARİH ARALIĞI | G6: SENELİK İZİN HAKKI TUTARI | H6: KULLANILAN İZİN TUTARI
B7: 44363 | C7: 44363 | D7: 0.54166667 | E7: 0.75 | F7: 27.07.21-27.07.22 | G7: 14 | H7: 0.5
B8: 44441 | C8: 44442 | D8: 0.33333333 | E8: 0.33333333 | F8: 27.07.22-27.07.23 | G8: 14 | H8: 1
B9: 44410 | C9: 44411 | D9: 0.33333333 | E9: 0.33333333 | F9: 27.07.23-27.07.24 | G9: 14 | H9: 1
B10: 44478 | C10: 44480 | D10: 0.54166667 | E10: 0.33333333 | H10: 0.5
B11: 44468 | C11: 44469 | D11: 0.33333333 | E11: 0.33333333 | H11: 0.5
B12: 44536 | C12: 44537 | D12: 0.33333333 | E12: 0.33333333 | H12: 1
B13: 44537 | C13: 44537 | D13: 0.33333333 | E13: 0.5 | H13: 0.5
B14: 44568 | C14: 44568 | D14: 0.54166667 | E14: 0.75 | H14: 0.5
B15: 44574 | C15: 44575 | D15: 0.33333333 | E15: 0.33333333 | H15: 1
B16: 44587 | C16: 44588 | D16: 0.33333333 | E16: 0.33333333 | H16: 1
B17: 44624 | C17: 44624 | D17: 0.33333333 | E17: 0.75 | H17: 1
B18: 44635 | C18: 44635 | D18: 0.33333333 | E18: 0.75 | H18: 1
B19: 44694 | C19: 44694 | D19: 0.33333333 | E19: 0.66666667 | H19: 0.5
B20: 44991 | C20: 44992 | D20: 0.33333333 | E20: 0.33333333 | H20: 1
B21: 44974 | C21: 44975 | D21: 0.5 | E21: 0.33333333 | H21: 0.5
B22: 45062 | C22: 45063 | D22: 0.33333333 | E22: 0 | H22: 1
F37: TOPLAMLAR | G37: =SUM(G5:G36) -> 42 | H37: =SUM(H7:H36) -> 12.5
F39: KALAN FARK(-/+) | H39: =G37-H37 -> 29.5

Sheet 17
A1: ADI SOYADI | B1: ='ANA SAYFA'!B18 -> AHMET SAVAŞ | C1: PERSONEL İZİN ÇİZELGESİ
A2: T.C.KİMLİK NO | B2: ='ANA SAYFA'!D18 -> 28546398634
A3: GÖREVİ | B3: ='ANA SAYFA'!C18 -> KAMYON ŞOFÖRÜ
A4: İŞE GİRİŞ TARİHİ | B4: ='ANA SAYFA'!E18 -> 44928
A5: DOĞUM TARİHİ | B5: ='ANA SAYFA'!F18 -> 25461
A6: PERSONEL İZİN ÇİZELGESİ | J6: Ana Sayfa
A7: İZİN NEDENİ | B7: İZİNE ÇIKIŞ TARİHİ | C7: İZİNDEN DÖNÜŞ TARİHİ | D7: İZİNE ÇIKIŞ SAATİ | E7: İZİNDEN DÖNÜŞ SAATİ | F7: İZNİ KAZANDIĞI TARİH ARALIĞI | G7: SENELİK İZİN HAKKI TUTARI | H7: KULLANILAN İZİN TUTARI
B8: 45035 | C8: 45040 | D8: 0.33333333 | E8: 0.33333333 | F8: 02.01.2023-02.01.2024 | G8: 20 | H8: 1
F9: 02.01.2024-02.01.2025 | G9: 20
F35: TOPLAMLAR | G35: =SUM(G5:G34) -> 40 | H35: =SUM(H8:H34) -> 1
F37: KALAN FARK(-/+) | H37: =G35-H35 -> 39

Sheet 18
A1: ADI SOYADI | B1: ='ANA SAYFA'!B19 -> ALPEREN TORUK | C1: PERSONEL İZİN ÇİZELGESİ
A2: T.C.KİMLİK NO | B2: ='ANA SAYFA'!D19 -> 29221711892
A3: GÖREVİ | B3: ='ANA SAYFA'!C19 -> TIR-ÇEKİCİ ŞOFÖRÜ
A4: İŞE GİRİŞ TARİHİ | B4: ='ANA SAYFA'!E19 -> 45434
A5: DOĞUM TARİHİ | B5: ='ANA SAYFA'!F19 -> 36442
A6: PERSONEL İZİN ÇİZELGESİ | J6: Ana Sayfa
A7: İZİN NEDENİ | B7: İZİNE ÇIKIŞ TARİHİ | C7: İZİNDEN DÖNÜŞ TARİHİ | D7: İZİNE ÇIKIŞ SAATİ | E7: İZİNDEN DÖNÜŞ SAATİ | F7: İZNİ KAZANDIĞI TARİH ARALIĞI | G7: SENELİK İZİN HAKKI TUTARI | H7: KULLANILAN İZİN TUTARI
B8: 45463 | C8: 45467 | D8: 0.33333333 | E8: 0.33333333 | F8: 22.05.2024-22.05.2025 | G8: 14 | H8: 3
B9: TEMMUZ 2024 MAAŞINDAN YAPILAN KESİNTİ | F9: 22.05.2025-22.05.26 | G9: 14 | H9: -3
B10: 45573 | C10: 45573 | D10: 0.5 | E10: 0.33333333 | H10: 0.5
B11: 45652 | C11: 45652 | D11: 0.33333333 | E11: 0.33333333 | H11: 1
B12: 45677 | C12: 45677 | D12: 0.33333333 | E12: 0.33333333 | H12: 1
B13: 29 nisan 2025 Salı | C13: 29 nisan 2025 Salı | D13: 0.33333333 | E13: 0.33333333 | H13: 1
B14: NİSAN 2025 MAAŞINDAN YAPILAN KESİNTİ | H14: -2
B15: MAYIS 2025 MAAŞINDAN YAPILAN KESİNTİ | H15: -1
B16: 45950 | C16: 45951 | H16: 1
B17: 45957 | C17: 45964 | H17: 5 | J17: 45959
B18: 46081 | C18: 46081 | D18: 0.375 | E18: 0.5 | H18: 0.5
B19: 46174 | C19: 46177 | H19: 3
B20: 46209 | C20: 46180 | H20: 1
B25: ,
F29: TOPLAMLAR | G29: =SUM(G5:G28) -> 28 | H29: =SUM(H8:H28) -> 11
F31: KALAN FARK(-/+) | H31: =G29-H29 -> 17

Sheet 19
A1: ADI SOYADI | B1: ='ANA SAYFA'!B20 -> İBRAHİM KURT | C1: PERSONEL İZİN ÇİZELGESİ | J1: ANA SAYFA
A2: T.C.KİMLİK NO | B2: ='ANA SAYFA'!D20 -> 69652051396
A3: GÖREVİ | B3: ='ANA SAYFA'!C20 -> İŞ MAK. BAKIM VE ONARIM
A4: İŞE GİRİŞ TARİHİ | B4: ='ANA SAYFA'!E20 -> 44601
A5: DOĞUM TARİHİ | B5: ='ANA SAYFA'!F20 -> 27792
A6: İZİN NEDENİ | B6: İZİNE ÇIKIŞ TARİHİ | C6: İZİNDEN DÖNÜŞ TARİHİ | D6: İZİNE ÇIKIŞ SAATİ | E6: İZİNDEN DÖNÜŞ SAATİ | F6: İZNİ KAZANDIĞI TARİH ARALIĞI | G6: SENELİK İZİN HAKKI TUTARI | H6: KULLANILAN İZİN TUTARI
B7: 45170 | C7: 45173 | D7: 0.5 | E7: 0.33333333 | F7: 09.02.22-09.02.23 | G7: 14 | H7: 1.5
B8: 45201 | C8: 45215 | D8: 0.33333333 | E8: 0.33333333 | F8: 09.02.23-09.02.24 | G8: 14 | H8: 12
B9: 45463 | C9: 45481 | D9: 0.33333333 | E9: 0.33333333 | F9: 09.02.24-09.02.25 | G9: 14 | H9: 15
B10: 45528 | C10: 45528 | D10: 0.33333333 | E10: 0.33333333 | F10: 09.02.25-09.02.26 | G10: 14 | H10: 1
B11: 45540 | C11: 45540 | D11: 0.5 | E11: 0.33333333 | H11: 0.5
B12: AĞUSTOS 2024 MAAŞINDAN YAPILAN KESİNTİ | H12: -1
B13: 45642 | C13: 45657 | D13: 800 | E13: 0.33333333 | H13: 14
B14: ARALIK 2024 MAAŞINDAN YAPILAN KESİNTİ | H14: -3
B15: 45766 | C15: 45768 | D15: 0.33333333 | E15: 0.33333333 | H15: 1
B16: 45882 | C16: 45883 | D16: 0.33333333 | E16: 0.33333333 | H16: 0.5
B17: 45941 | C17: 45942 | H17: 1
B18: 46013 | C18: 46020 | H18: 6
B19: 46167 | C19: 46181 | H19: 7
F28: TOPLAMLAR | G28: =SUM(G5:G27) -> 56 | H28: =SUM(H7:H27) -> 55.5
F30: KALAN FARK(-/+) | H30: =G28-H28 -> 0.5

Sheet 20
A1: ADI SOYADI | B1: ='ANA SAYFA'!B21 -> İBRAHİM SEVEN | C1: PERSONEL İZİN ÇİZELGESİ | J1: ANA SAYFA
A2: T.C.KİMLİK NO | B2: ='ANA SAYFA'!D21 -> 28438730016
A3: GÖREVİ | B3: ='ANA SAYFA'!C21 -> TIR ŞOFÖRÜ
A4: İŞE GİRİŞ TARİHİ | B4: ='ANA SAYFA'!E21 -> 44946
A5: DOĞUM TARİHİ | B5: ='ANA SAYFA'!F21 -> 28074
A6: İZİN NEDENİ | B6: İZİNE ÇIKIŞ TARİHİ | C6: İZİNDEN DÖNÜŞ TARİHİ | D6: İZİNE ÇIKIŞ SAATİ | E6: İZİNDEN DÖNÜŞ SAATİ | F6: İZNİ KAZANDIĞI TARİH ARALIĞI | G6: SENELİK İZİN HAKKI TUTARI | H6: KULLANILAN İZİN TUTARI
A7: İLK İŞE GİRİŞ 20.08.2004 | B7: 10.01.2023 Tarihinde Devir Alacağı İzin Tutarı | G7: 28
B8: 44927 | C8: 44941 | D8: 0.33333333 | E8: 0.33333333 | F8: 20.01.23-20.01.24 | G8: 26 | H8: 12 | I8: ÖDENDİ
B9: 44990 | C9: 45000 | D9: 0.33333333 | E9: 0.33333333 | F9: 20.01.24-20.01.25 | G9: 26 | H9: 8 | I9: ÖDENDİ
B10: 45042 | C10: 45043 | D10: 0.33333333 | E10: 0.33333333 | F10: 20.01.25-20.01.26 | G10: 26 | H10: 1 | K10: 45505 | L10: e KADAR TAZMİNATINI ALDI
B11: 45069 | C11: 45070 | D11: 0.33333333 | E11: 0.33333333 | H11: 1
B12: 45131 | C12: 45132 | D12: 0.33333333 | E12: 0.33333333 | H12: 1
B13: 45146 | C13: 45147 | D13: 0.33333333 | E13: 0.33333333 | H13: 1
B14: 45173 | C14: 45174 | D14: 0.33333333 | E14: 0.33333333 | H14: 1
B15: 45198 | C15: 45199 | D15: 0.33333333 | E15: 0.33333333 | H15: 1
B16: 45351 | C16: 45352 | D16: 0.33333333 | E16: 0.33333333 | H16: 1
B17: 45479 | C17: 45481 | D17: 0.33333333 | E17: 0.33333333 | H17: 2
B18: 45491 | C18: 45491 | D18: 0.33333333 | E18: 0.33333333 | H18: 1
B19: 45495 | C19: 45495 | D19: 0.5 | E19: 0.33333333 | H19: 0.5 | L19: =L16-L17 -> 0
B20: 45497 | C20: 45497 | D20: 0.33333333 | E20: 0.33333333 | H20: 1
B21: 45502 | C21: 45502 | D21: 0.5 | E21: 0.33333333 | H21: 0.5
B22: 45525 | C22: 45525 | D22: 0.33333333 | E22: 0.33333333 | H22: 1 | M22: 18
B23: 45546 | C23: 45546 | D23: 0.33333333 | E23: 0.33333333 | H23: 1 | M23: 3
B24: 45505 | C24: 45505 | D24: 0.33333333 | E24: 0.33333333 | H24: 1 | M24: 3
B25: 45561 | C25: 45561 | D25: 0.33333333 | E25: 0.33333333 | H25: 1 | M25: 1
B26: 45598 | C26: 45598 | D26: 0.33333333 | E26: 0.33333333 | H26: 1 | M26: 1
B27: 45735 | C27: 45737 | D27: 0.33333333 | E27: 0.33333333 | H27: 3
B28: 45749 | C28: 45751 | D28: 0.33333333 | E28: 0.33333333 | H28: 3 | M28: =SUM(M22:M27) -> 26
B29: 45947 | C29: 45948 | D29: 0.33333333 | E29: 0.33333333 | H29: 1
B30: 45957 | C30: 45958 | D30: 0.33333333 | E30: 0.33333333 | H30: 1
B31: 45870 | C31: 45876 | H31: 5
B32: 45908 | C32: 45919 | H32: 10
B33: 45931 | C33: 45948 | H33: 15
B34: 45972 | C34: 45983 | H34: 10
B35: 46006 | C35: 46011 | H35: 5
B36: 46167 | C36: 46176 | H36: 3
B37: 46162 | C37: 46163 | H37: 1
B38: 46174 | C38: 46175 | H38: 1
F41: TOPLAMLAR | G41: =SUM(G5:G40) -> 106 | H41: =SUM(H7:H40) -> 95
F43: KALAN FARK(-/+) | H43: =G41-H41 -> 11

Sheet 21
A1: ADI SOYADI | B1: ='ANA SAYFA'!B22 -> EMİRHAN GÜRBÜZ | C1: PERSONEL İZİN ÇİZELGESİ | J1: ANA SAYFA
A2: T.C.KİMLİK NO | B2: ='ANA SAYFA'!D22 -> 20473884860
A3: GÖREVİ | B3: ='ANA SAYFA'!C22 -> İŞ MAKİNELERİ YAĞCISI
A4: İŞE GİRİŞ TARİHİ | B4: ='ANA SAYFA'!E22 -> 45568
A5: DOĞUM TARİHİ | B5: ='ANA SAYFA'!F22 -> 38058
A6: İZİN NEDENİ | B6: İZİNE ÇIKIŞ TARİHİ | C6: İZİNDEN DÖNÜŞ TARİHİ | D6: İZİNE ÇIKIŞ SAATİ | E6: İZİNDEN DÖNÜŞ SAATİ | F6: İZNİ KAZANDIĞI TARİH ARALIĞI | G6: SENELİK İZİN HAKKI TUTARI | H6: KULLANILAN İZİN TUTARI
B7: 45629 | C7: 45632 | D7: 0.33333333 | E7: 0.33333333 | F7: 03.10.2024-03.10.2025 | H7: 4
B8: KASIM 2024 MAAŞINDAN YAPILAN KESİNTİ | H8: -2
B9: 45681 | C9: 45681 | D9: 0.33333333 | E9: 0.33333333 | H9: 1
B10: OCAK 2025 MAAŞINDAN YAPILAN KESİNTİ | H10: -2
B11: 45719 | C11: 45719 | D11: 0.33333333 | E11: 0.33333333 | H11: 1
B12: 45727 | C12: 45727 | D12: 0.33333333 | E12: 0.33333333 | H12: 1
B13: 45743 | C13: 45740 | D13: 0.33333333 | E13: 0.33333333 | H13: 1
B14: MART 2025 MAAŞINDAN YAPILAN KESİNTİ | H14: -2
B15: NİSAN 2025 MAAŞINDAN YAPILAN KESİNTİ | H15: -2
B16: 46163 | C16: 46174 | H16: 4
F33: TOPLAMLAR | G33: =SUM(G7:G32) -> 0 | H33: =SUM(H7:H32) -> 4
F35: KALAN FARK(-/+) | H35: =G33-H33 -> -4

Sheet 22
A1: ADI SOYADI | B1: ='ANA SAYFA'!B23 -> DOĞAN YAĞMUR | C1: PERSONEL İZİN ÇİZELGESİ | J1: ANA SAYFA
A2: T.C.KİMLİK NO | B2: ='ANA SAYFA'!D23 -> 59386205738
A3: GÖREVİ | B3: ='ANA SAYFA'!C23 -> KAMYON ŞOFÖRÜ
A4: İŞE GİRİŞ TARİHİ | B4: ='ANA SAYFA'!E23 -> 45418
A5: DOĞUM TARİHİ | B5: ='ANA SAYFA'!F23 -> 31973
A6: İZİN NEDENİ | B6: İZİNE ÇIKIŞ TARİHİ | C6: İZİNDEN DÖNÜŞ TARİHİ | D6: İZİNE ÇIKIŞ SAATİ | E6: İZİNDEN DÖNÜŞ SAATİ | F6: İZNİ KAZANDIĞI TARİH ARALIĞI | G6: SENELİK İZİN HAKKI TUTARI | H6: KULLANILAN İZİN TUTARI
B7: 45467 | C7: 45468 | D7: 0.33333333 | E7: 0.33333333 | F7: 06.05.24-06.05.25 | G7: 14 | H7: 1
B8: 45483 | C8: 45483 | D8: 0.33333333 | E8: 0.33333333 | F8: 06.05.25-06.05.26 | G8: 14 | H8: 1
B9: 45502 | C9: 45502 | D9: 0.33333333 | E9: 0.33333333 | H9: 1
B10: 45511 | C10: 45511 | D10: 0.33333333 | E10: 0.33333333 | H10: 1
B11: AĞUSTOS 2024 MAAŞINDAN YAPILAN KESİNTİ | H11: -3
B12: 45590 | C12: 45590 | D12: 0.33333333 | E12: 0.33333333 | H12: 1
B13: KASIM 2024 MAAŞINDAN YAPILAN YAPILAN KESİNTİ | H13: -2
B14: 45789 | C14: 45789 | D14: 0.33333333 | E14: 0.5 | H14: 0.5
B15: 45821 | C15: 45821 | D15: 0.33333333 | E15: 0.33333333 | H15: 1
B16: 45793 | C16: 45793 | D16: 0.33333333 | E16: 0.33333333 | H16: 1
B17: 45825 | C17: 45825 | D17: 0.33333333 | E17: 0.33333333 | H17: 0.5
B18: 45871 | C18: 45871 | D18: 0.33333333 | E18: 0.33333333 | H18: 1
B19: 45887 | C19: 45888 | D19: 0.33333333 | E19: 0.33333333 | H19: 1
B20: 45890 | C20: 45891 | D20: 0.33333333 | E20: 0.33333333 | H20: 1
B21: 45926 | C21: 45927 | D21: 0.33333333 | E21: 0.33333333 | H21: 1
B22: 45936 | C22: 45937 | D22: 0.33333333 | E22: 0.33333333 | H22: 1
B23: 46009 | C23: 46010 | D23: 0.33333333 | E23: 0.33333333 | H23: 1
B24: 46108 | C24: 46109 | H24: 1
B25: 46139 | C25: 46140 | H25: 1 | J25: İMZASIZ
B26: 46197 | C26: 46198 | H26: 1
F38: TOPLAMLAR | G38: =SUM(G5:G37) -> 28 | H38: =SUM(H7:H37) -> 12
F40: KALAN FARK(-/+) | H40: =G38-H38 -> 16

Sheet 23
A1: ADI SOYADI | B1: ='ANA SAYFA'!B24 -> NEVZAT KAŞIKÇI | C1: PERSONEL İZİN ÇİZELGESİ | J1: ANA SAYFA
A2: T.C.KİMLİK NO | B2: ='ANA SAYFA'!D24 -> 39316375052
A3: GÖREVİ | B3: ='ANA SAYFA'!C24 -> BULDOZER OPERATÖRÜ
A4: İŞE GİRİŞ TARİHİ | B4: ='ANA SAYFA'!E24 -> 45404
A5: DOĞUM TARİHİ | B5: ='ANA SAYFA'!F24 -> 22945
A6: İZİN NEDENİ | B6: İZİNE ÇIKIŞ TARİHİ | C6: İZİNDEN DÖNÜŞ TARİHİ | D6: İZİNE ÇIKIŞ SAATİ | E6: İZİNDEN DÖNÜŞ SAATİ | F6: İZNİ KAZANDIĞI TARİH ARALIĞI | G6: SENELİK İZİN HAKKI TUTARI | H6: KULLANILAN İZİN TUTARI
B7: 45482 | C7: 45488 | D7: 0.33333333 | E7: 0.33333333 | F7: 22.04.24-22.04.25 | G7: 20 | H7: 6
A8: TEMMUZ 2024 MAAŞINDAN YAPILAN KESİNTİ | H8: -3
A9: AĞUSTOS 2024 MAAŞINDAN YAPILAN KESİNTİ | H9: -3
B10: 45722 | C10: 45727 | D10: 0.33333333 | E10: 0.33333333 | H10: 5
A11: NİSAN 2025 MAAŞINDAN YAPILAN KESİNTİ | H11: -2
B12: MAYIS MAAŞINDAN YAPILAN KESİNTİ | H12: -3
B13: 45834 | C13: 45836 | D13: 0.33333333 | E13: 0.33333333 | H13: 3
B14: 45869 | C14: 45870 | D14: 0.33333333 | E14: 0.33333333 | H14: 1
B15: 45985 | C15: 45995 | H15: 9 | J15: İMZASIZ
B16: 46015 | C16: 46016 | H16: 1 | J16: İMZASIZ
B17: 46097 | C17: 46099 | H17: 2 | J17: İMZASIZ
F35: TOPLAMLAR | G35: =SUM(G7:G34) -> 20 | H35: =SUM(H7:H34) -> 16
F37: KALAN FARK(-/+) | H37: =G35-H35 -> 4

Sheet 24
A1: ADI SOYADI | B1: MUSTAFA ŞENOL SANCAK | C1: PERSONEL İZİN ÇİZELGESİ | J1: ANA SAYFA
A2: T.C.KİMLİK NO | B2: 19988726864
A3: GÖREVİ | B3: ENDÜSTRİYEL İLİŞKİLER VE PERSONEL İLİŞKİLERİ
A4: İŞE GİRİŞ TARİHİ | B4: 45124
A5: DOĞUM TARİHİ | B5: 24108
A6: İZİN NEDENİ | B6: İZİNE ÇIKIŞ TARİHİ | C6: İZİNDEN DÖNÜŞ TARİHİ | D6: İZİNE ÇIKIŞ SAATİ | E6: İZİNDEN DÖNÜŞ SAATİ | F6: İZNİ KAZANDIĞI TARİH ARALIĞI | G6: SENELİK İZİN HAKKI TUTARI | H6: KULLANILAN İZİN TUTARI
B7: 20/06/2024 Perşembe | C7: 45465 | D7: 0.33333333 | E7: 0.33333333 | F7: 17.07.23-17.07.24 | G7: 20 | H7: 3
B8: 45523 | C8: 45542 | D8: 0.33333333 | E8: 0.33333333 | F8: 17.07.24-17.07.25 | G8: 20 | H8: 18
B9: 45943 | C9: 45955 | H9: 11
B10: 46048 | C10: 46055 | H10: 6
F37: TOPLAMLAR | G37: =SUM(G5:G36) -> 40 | H37: =SUM(H7:H36) -> 38
F39: KALAN FARK(-/+) | H39: =G37-H37 -> 2

Sheet 25
A1: ADI SOYADI | B1: ='ANA SAYFA'!B26 -> HASAN AKÇAYOĞLU | C1: PERSONEL İZİN ÇİZELGESİ | J1: ANA SAYFA
A2: T.C.KİMLİK NO | B2: ='ANA SAYFA'!D26 -> 47494140430
A3: GÖREVİ | B3: ='ANA SAYFA'!C26 -> KAMYON ŞOFÖRÜ
A4: İŞE GİRİŞ TARİHİ | B4: ='ANA SAYFA'!E26 -> 46056
A5: DOĞUM TARİHİ | B5: ='ANA SAYFA'!F26 -> 27560
A6: İZİN NEDENİ | B6: İZİNE ÇIKIŞ TARİHİ | C6: İZİNDEN DÖNÜŞ TARİHİ | D6: İZİNE ÇIKIŞ SAATİ | E6: İZİNDEN DÖNÜŞ SAATİ | F6: İZNİ KAZANDIĞI TARİH ARALIĞI | G6: SENELİK İZİN HAKKI TUTARI | H6: KULLANILAN İZİN TUTARI
B7: 46175 | C7: 46176 | H7: 1
F35: TOPLAMLAR | G35: =SUM(G5:G34) -> 0 | H35: =SUM(H7:H34) -> 1
F37: KALAN FARK(-/+) | H37: =G35-H35 -> -1

Sheet 26
A1: ADI SOYADI | B1: ='ANA SAYFA'!B27 -> MESUT YILMAZ | C1: PERSONEL İZİN ÇİZELGESİ | J1: ANA SAYFA
A2: T.C.KİMLİK NO | B2: ='ANA SAYFA'!D27 -> 39817657916
A3: GÖREVİ | B3: ='ANA SAYFA'!C27 -> USTA YARDIMCISI
A4: İŞE GİRİŞ TARİHİ | B4: ='ANA SAYFA'!E27 -> 41803
A5: DOĞUM TARİHİ | B5: ='ANA SAYFA'!F27 -> 31925
A6: İZİN NEDENİ | B6: İZİNE ÇIKIŞ TARİHİ | C6: İZİNDEN DÖNÜŞ TARİHİ | D6: İZİNE ÇIKIŞ SAATİ | E6: İZİNDEN DÖNÜŞ SAATİ | F6: İZNİ KAZANDIĞI TARİH ARALIĞI | G6: SENELİK İZİN HAKKI TUTARI | H6: KULLANILAN İZİN TUTARI | J6: YENİ İŞE GİRİŞİ YENİ KIDEMİ 02/09/2025
B7: 42223 | C7: 42237 | D7: 0.33333333 | E7: 0.33333333 | F7: 13.06.14-13.06.15 | G7: 14 | H7: 12 | K7: TOPLAM | L7: 511.597,82
B8: 42688 | C8: 42705 | D8: 0.33333333 | E8: 0.33333333 | F8: 13.06.15-13.06.16 | G8: 14 | H8: 15 | J8: 45812 | K8: KIDEM TAZMİNATI | L8: 100000
B9: 42917 | C9: 42929 | D9: 0.33333333 | E9: 0.33333333 | F9: 13.06.16-13.06.17 | G9: 14 | H9: 10 | J9: 45884 | K9: KIDEM TAZMİNATI | L9: 60000
B10: 43437 | C10: 43460 | D10: 0.33333333 | E10: 0.33333333 | F10: 13.06.17-13.06.18 | G10: 14 | H10: 20 | J10: 06/01/2026 vadeli 0271123 nolu çek ile | L10: 351598
B11: 43752 | C11: 43770 | D11: 0.33333333 | E11: 0.33333333 | F11: 13.06.18-13.06.19 | G11: 14 | H11: 16 | J11: YENİ İŞE GİRİŞİ YENİ KIDEMİ 02/09/2025
B12: 44018 | C12: 44043 | D12: 0.33333333 | E12: 0.33333333 | F12: 13.06.19-13.06.20 | G12: 20 | H12: 22
B13: 44422 | C13: 44438 | D13: 0.33333333 | E13: 0.33333333 | F13: 13.06.20-13.06.21 | G13: 20 | H13: 13
B14: 44568 | C14: 44569 | D14: 0.33333333 | E14: 0.33333333 | F14: 13.06.21-13.06.22 | G14: 20 | H14: 1
B15: 44637 | C15: 44639 | D15: 0.33333333 | E15: 0.33333333 | F15: 13.06.22-13.06.23 | G15: 20 | H15: 2
B16: 44712 | C16: 44713 | D16: 0.33333333 | E16: 0.33333333 | F16: 13.06.23-13.06.24 | G16: 20 | H16: 1
B17: 44755 | C17: 44760 | D17: 0.33333333 | E17: 0.33333333 | F17: 13.06.24-13.06.25 | G17: 20 | H17: 4
B18: 44779 | C18: 44781 | D18: 0.33333333 | E18: 0.33333333 | H18: 2
B19: 45008 | C19: 45012 | D19: 0.33333333 | E19: 0.33333333 | H19: 3
B20: 45031 | C20: 45033 | D20: 0.5 | E20: 0.33333333 | H20: 0.5
B21: 45110 | C21: 45111 | D21: 0.33333333 | E21: 0.33333333 | H21: 1
B22: 45119 | C22: 45124 | D22: 0.5 | E22: 0.33333333 | H22: 3.5
B23: 45150 | C23: 45159 | D23: 0.33333333 | E23: 0.33333333 | H23: 7
B24: 45196 | C24: 45201 | D24: 0.33333333 | E24: 0.33333333 | H24: 4
B25: 45269 | C25: 45271 | D25: 0.33333333 | E25: 0.33333333 | H25: 1
B26: 45290 | C26: 45293 | D26: 0.33333333 | E26: 0.33333333 | H26: 1
B27: 01.04.2024 PAZARTESİ | C27: 15.04.2024 PAZARTESİ | D27: 0.33333333 | E27: 0.33333333 | H27: 7
B28: 45463 | C28: 45464 | H28: 2
B29: 45467 | C29: 45468 | H29: 2
B30: 45488 | C30: 45488 | H30: 1
B31: 45518 | C31: 45521 | H31: 4
B32: 45563 | C32: 45563 | H32: 1
B33: 45584 | C33: 45584 | H33: 1
B34: 45681 | C34: 45681 | H34: 1
B35: 45689 | C35: 45689 | H35: 1
B36: 45738 | C36: 45738 | H36: 1
B37: 3 Mayıs 2025 Cumartesi | C37: 3 Mayıs 2025 Cumartesi | H37: 1
B38: 45857 | C38: 45857 | H38: 1
B39: 45871 | C39: 45873 | D39: 0.33333333 | E39: 0.33333333 | H39: 0.5
B40: 45885 | C40: 45901 | D40: 0.33333333 | E40: 0.33333333 | H40: 12
B41: 45931 | C41: 45933 | D41: 0.33333333 | E41: 0.33333333 | H41: 2
B42: 45962 | C42: 45964 | D42: 0.33333333 | E42: 0.33333333 | H42: 1
B43: 46025 | C43: 46027 | H43: 1
B44: 46039 | C44: 46041 | H44: 1
B45: 46053 | C45: 46055 | H45: 1
B46: 46095 | C46: 46104 | H46: 4
B47: 46139 | C47: 46140 | H47: 1 | J47: İMZASIZ
B48: 46196 | C48: 46197 | H48: 1
F54: TOPLAMLAR | G54: =SUM(G7:G53) -> 190 | H54: =SUM(H7:H53) -> 186.5
F56: KALAN FARK(-/+) | H56: =G54-H54 -> 3.5

Sheet 27
A1: ADI SOYADI | B1: ='ANA SAYFA'!B28 -> MUHAMMET MUSTAFA KOÇYİĞİT | C1: PERSONEL İZİN ÇİZELGESİ | J1: ANA SAYFA
A2: T.C.KİMLİK NO | B2: ='ANA SAYFA'!D28 -> 41989739482
A3: GÖREVİ | B3: ='ANA SAYFA'!C28 -> KEPÇE OPERATÖR
A4: İŞE GİRİŞ TARİHİ | B4: ='ANA SAYFA'!E28 -> 43948
A5: DOĞUM TARİHİ | B5: ='ANA SAYFA'!F28 -> 33312
A6: İZİN NEDENİ | B6: İZİNE ÇIKIŞ TARİHİ | C6: İZİNDEN DÖNÜŞ TARİHİ | D6: İZİNE ÇIKIŞ SAATİ | E6: İZİNDEN DÖNÜŞ SAATİ | F6: İZNİ KAZANDIĞI TARİH ARALIĞI | G6: SENELİK İZİN HAKKI TUTARI | H6: KULLANILAN İZİN TUTARI
B7: 43994 | C7: 43995 | D7: 0.33333333 | E7: 0.33333333 | F7: 27.04.20-27.04.21 | G7: 14 | H7: 1
B8: 44268 | C8: 44268 | D8: 0.54166667 | E8: 018:00 | F8: 27.04.21-27.04.22 | G8: 14 | H8: 0.5
B9: 04.04.2023-11.04.2023 TARİHLERİNDE 5 GÜN BABALIK İZNİ KULLANDI
B10: 45152 | C10: 45155 | D10: 0.33333333 | E10: 0.33333333 | F10: 27.04.22-27.04.23 | G10: 14 | H10: 3
B11: 45210 | C11: 45211 | D11: 0.33333333 | E11: 0.33333333 | F11: 27.04.23-27.04.24 | G11: 14 | H11: 1
B12: 45220 | C12: 45222 | D12: 0.33333333 | E12: 0.33333333 | F12: 27.04.24-27.04.25 | G12: 14 | H12: 1
B13: 45234 | C13: 45236 | D13: 0.5 | E13: 0.33333333 | H13: 0.5
B14: 45287 | C14: 45288 | D14: 0.33333333 | E14: 0.33333333 | H14: 1
B15: 6.04.2024 CUMARTESİ | C15: 15.04.2024 PAZARTESİ | D15: 0.33333333 | E15: 0.33333333 | H15: 2
B16: 45453 | C16: 45472 | H16: 14
B17: 46030 | C17: 46032 | H17: 2
A18: ANNESİ VEFAT ETTİ | B18: 46062 | C18: 46070 | H18: 7 | J18: 3 GÜN CENAZE İZNİ
B19: 46112 | C19: 46116 | H19: 4
F27: TOPLAMLAR | G27: =SUM(G5:G26) -> 70 | H27: =SUM(H7:H26) -> 37
F29: KALAN FARK(-/+) | H29: =G27-H27 -> 33

Sheet 28
A1: ADI SOYADI | B1: ='ANA SAYFA'!B29 -> MUHAMMED AYDIN | C1: PERSONEL İZİN ÇİZELGESİ | J1: ANA SAYFA
A2: T.C.KİMLİK NO | B2: ='ANA SAYFA'!D29 -> 42727968904
A3: GÖREVİ | B3: ='ANA SAYFA'!C29 -> EKSKAVATÖR OPERATÖRÜ
A4: İŞE GİRİŞ TARİHİ | B4: ='ANA SAYFA'!E29 -> 44356
A5: DOĞUM TARİHİ | B5: ='ANA SAYFA'!F29 -> 31968
A6: İZİN NEDENİ | B6: İZİNE ÇIKIŞ TARİHİ | C6: İZİNDEN DÖNÜŞ TARİHİ | D6: İZİNE ÇIKIŞ SAATİ | E6: İZİNDEN DÖNÜŞ SAATİ | F6: İZNİ KAZANDIĞI TARİH ARALIĞI | G6: SENELİK İZİN HAKKI TUTARI | H6: KULLANILAN İZİN TUTARI
B7: 44555 | C7: 44590 | D7: 0.33333333 | E7: 0.33333333 | F7: 09.06.21-09.06.22 | G7: 14 | H7: 30
B8: 44680 | C8: 44690 | D8: 0.33333333 | E8: 0.33333333 | F8: 09.06.22-09.06.23 | G8: 14 | H8: 5
B9: 44749 | C9: 44764 | D9: 0.33333333 | E9: 0.33333333 | F9: 09.06.23-09.06.24 | G9: 14 | H9: 7
B10: 45033 | C10: 45042 | D10: 0.33333333 | E10: 0.33333333 | F10: 09.06.24-09.06.25 | G10: 14 | H10: 5
B11: 45058 | C11: 45064 | D11: 0.5625 | E11: 0.33333333 | H11: 4.5
F30: TOPLAMLAR | G30: =SUM(G7:G29) -> 56 | H30: =SUM(H7:H29) -> 51.5
F32: KALAN FARK(-/+) | H32: =G30-H30 -> 4.5

Sheet 29
A1: ADI SOYADI | B1: ='ANA SAYFA'!B30 -> MUHİTTİN DEMİR | C1: PERSONEL İZİN ÇİZELGESİ | J1: ANA SAYFA
A2: T.C.KİMLİK NO | B2: ='ANA SAYFA'!D30 -> 12361925380
A3: GÖREVİ | B3: ='ANA SAYFA'!C30 -> KAMYON ŞOFÖRÜ
A4: İŞE GİRİŞ TARİHİ | B4: ='ANA SAYFA'!E30 -> 45442
A5: DOĞUM TARİHİ | B5: ='ANA SAYFA'!F30 -> 22324
A6: İZİN NEDENİ | B6: İZİNE ÇIKIŞ TARİHİ | C6: İZİNDEN DÖNÜŞ TARİHİ | D6: İZİNE ÇIKIŞ SAATİ | E6: İZİNDEN DÖNÜŞ SAATİ | F6: İZNİ KAZANDIĞI TARİH ARALIĞI | G6: SENELİK İZİN HAKKI TUTARI | H6: KULLANILAN İZİN TUTARI
A7: 45442 | B7: KIDEM TAZMİNATINDAN SONRA DEVREDEN İZİN | G7: 33
F35: TOPLAMLAR | G35: =SUM(G7:G34) -> 33 | H35: =SUM(H7:H34) -> 0
F37: KALAN FARK(-/+) | H37: =G35-H35 -> 33

Sheet 30
A1: ADI SOYADI | B1: ='ANA SAYFA'!B31 -> MUHSİN ZEDEF | C1: PERSONEL İZİN ÇİZELGESİ | J1: ANA SAYFA
A2: T.C.KİMLİK NO | B2: ='ANA SAYFA'!D31 -> 10982000370
A3: GÖREVİ | B3: ='ANA SAYFA'!C31 -> BEKÇİ
A4: İŞE GİRİŞ TARİHİ | B4: ='ANA SAYFA'!E31 -> 43560
A5: DOĞUM TARİHİ | B5: ='ANA SAYFA'!F31 -> 21491
A6: İZİN NEDENİ | B6: İZİNE ÇIKIŞ TARİHİ | C6: İZİNDEN DÖNÜŞ TARİHİ | D6: İZİNE ÇIKIŞ SAATİ | E6: İZİNDEN DÖNÜŞ SAATİ | F6: İZNİ KAZANDIĞI TARİH ARALIĞI | G6: SENELİK İZİN HAKKI TUTARI | H6: KULLANILAN İZİN TUTARI
F8: 05.04.19-05.04.20 | G8: 20
F9: 05.04.20-05.04.21 | G9: 20 | L9: 43560
B10: 44755 | C10: 44760 | D10: 0.33333333 | E10: 0.33333333 | F10: 05.04.21-05.04.22 | G10: 20 | H10: 4 | K10: resmi giriş | L10: 44471
B11: 44828 | C11: 44830 | D11: 0.33333333 | E11: 0.33333333 | F11: 05.04.22-05.04.23 | G11: 20 | H11: 1 | L11: 45900 | M11: e kadar kıdemini aldı
B12: 45114 | C12: 45117 | D12: 0.33333333 | E12: 0.33333333 | F12: 05.04.23-05.04.24 | G12: 20 | H12: 2 | L12: 45901 | M12: yeni işe giriş kıdem başlama
B13: 45562 | C13: 45565 | D13: 0.33333333 | E13: 0.33333333 | F13: 05.04.24-05.04.25 | G13: 20 | H13: 3
B14: 46003 | C14: 46005 | H14: 2 | J14: İMZASIZ
B15: 46048 | C15: 46050 | H15: 2 | J15: İMZASIZ
F28: TOPLAMLAR | G28: =SUM(G7:G27) -> 120 | H28: =SUM(H7:H27) -> 14
F30: KALAN FARK(-/+) | H30: =G28-H28 -> 106
A31: NOTLAR;
A32: KAZA GECİRDİGİNDEN DOLAYI 25 BİN TL YATIRILDI , KIDEM TAZMİNATINDAN DÜSÜLECEK
A34: ÇALIŞMADAN ÖDENEN ÜCRETLER (RAPORLU)
A35: 2024-ARALIK | B35: 4017.17 | C35: 45660 | D35: KIDEM
A36: 2025-OCAK | B36: 25000 | C36: 45700 | D36: KIDEM
A37: 2025-ŞUBAT | B37: 25000 | C37: 45723 | D37: KIDEM
A38: 2025-MART | B38: 25000 | C38: 45744 | D38: KIDEM
A39: 2025-NİSAN | B39: 25000 | C39: 45786 | D39: KIDEM
A40: 2025-MAYIS | B40: 25000 | C40: 45812 | D40: KIDEM
A41: 2025-HAZİRAN | B41: 25000 | C41: 45842 | D41: KIDEM
A42: TOPLAM | B42: =SUM(B35:B41) -> 154017.17
A43: KIDEM | B43: 167833.66
A44: KALAN | B44: =+B43-B42 -> 13816.49 | C44: 10 kasım da yatacak
A47: YENİ İŞE GİRİŞ | B47: 45903
G50: EMEKLİ ASGARİ | H50: 23762.53
H51: =+H50/30 -> 792.08433
H52: 25000
H53: =+H52/H51 -> 31.562296
G56: 43560
G57: 45657
G59: 45657 | H59: 65921
G60: 13 AYLIK | H60: =+H59/3 -> 21973.667
G61: AYLIK | H61: =+H60/13 -> 1690.2821
F62: (31.12.2024-05.04.2019 | G62: 68 AYLIK | H62: =+H61*68 -> 114939.18
G63: 5 YIL 8 AY

Sheet 31
A1: ADI SOYADI | B1: ='ANA SAYFA'!B32 -> MURAT ÖZSUBAŞI | C1: PERSONEL İZİN ÇİZELGESİ | J1: ANA SAYFA
A2: T.C.KİMLİK NO | B2: ='ANA SAYFA'!D32 -> 31463194012
A3: GÖREVİ | B3: ='ANA SAYFA'!C32 -> EKSKAVATÖR OPERATÖRÜ
A4: İŞE GİRİŞ TARİHİ | B4: ='ANA SAYFA'!E32 -> 41505
A5: DOĞUM TARİHİ | B5: ='ANA SAYFA'!F32 -> 26826
A6: İZİN NEDENİ | B6: İZİNE ÇIKIŞ TARİHİ | C6: İZİNDEN DÖNÜŞ TARİHİ | D6: İZİNE ÇIKIŞ SAATİ | E6: İZİNDEN DÖNÜŞ SAATİ | F6: İZNİ KAZANDIĞI TARİH ARALIĞI | G6: SENELİK İZİN HAKKI TUTARI | H6: KULLANILAN İZİN TUTARI
B7: 41618 | C7: 41619 | D7: 0.3125 | E7: 0.3125 | F7: 18.08.13-19.08.14 | G7: 14 | H7: 1
B8: 41619 | C8: 41624 | D8: 0.51041667 | E8: 0.3125 | F8: 19.08.14-19.08.15 | G8: 14 | H8: 3
B9: 41752 | C9: 41753 | D9: 0.52083333 | E9: 0.3125 | F9: 19.08.15-19.08.16 | G9: 14 | H9: 0.5
B10: 41769 | C10: 41771 | D10: 0.33333333 | E10: 0.3125 | F10: 19.08.16-19.08.17 | G10: 14 | H10: 1
B11: 41965 | C11: 41966 | D11: 0.33333333 | E11: 0.3125 | F11: 19.08.17-19.08.18 | G11: 14 | H11: 1
B12: 42054 | C12: 42059 | D12: 0.33333333 | E12: 0.5 | F12: 19.08.18-19.08.19 | G12: 20 | H12: 4.5
B13: 42124 | C13: 42128 | D13: 0.54166667 | E13: 0.3125 | F13: 19.08.19-19.08.20 | G13: 20 | H13: 2.5
B14: 42217 | C14: 42221 | D14: 0.75 | E14: 0.33333333 | F14: 19.08.20-19.08.21 | G14: 20 | H14: 2
B15: 42294 | C15: 42296 | D15: 0.39583333 | E15: 0.33333333 | F15: 19.08.21-19.08.22 | G15: 20 | H15: 1
B16: 42545 | C16: 42546 | D16: 0.33333333 | E16: 0.33333333 | F16: 19.08.22-19.08.23 | G16: 20 | H16: 1
B17: 42632 | C17: 42633 | D17: 0.5 | E17: 0.33333333 | F17: 19.08.23-19.08.24 | G17: 20 | H17: 0.5
B18: 42713 | C18: 42716 | D18: 0.33333333 | E18: 0.33333333 | F18: 19.08.24-19.08.25 | G18: 20 | H18: 2
B19: 42902 | C19: 42914 | D19: 0.33333333 | E19: 0.33333333 | H19: 9
B20: 43176 | C20: 43182 | D20: 0.33333333 | E20: 0.33333333 | H20: 5
B21: 43200 | C21: 43201 | D21: 0.33333333 | E21: 0.33333333 | H21: 1
B22: 43297 | C22: 43298 | D22: 0.33333333 | E22: 0.33333333 | H22: 1
B23: 43302 | C23: 43304 | D23: 0.33333333 | E23: 0.33333333 | H23: 1
A24: ÜCRETİ ÖDENEREK RESMİ BORDRO İMZALATILDI. | H24: 19
B25: 43384 | C25: 43386 | D25: 0.33333333 | E25: 0.33333333 | H25: 1
B26: 43412 | C26: 43127 | D26: 0.33333333 | E26: 0.33333333 | H26: 10
B27: 43505 | C27: 43507 | D27: 0.33333333 | E27: 0.33333333 | H27: 1
B28: 43698 | C28: 43699 | D28: 0.33333333 | E28: 0.33333333 | H28: 1
B29: 43747 | C29: 43748 | D29: 0.33333333 | E29: 0.33333333 | H29: 1
B30: 43868 | C30: 43880 | D30: 0.33333333 | E30: 0.33333333 | H30: 10
B31: 43929 | C31: 43948 | D31: 0.33333333 | E31: 0.33333333 | H31: 16
B32: 44242 | C32: 44249 | D32: 0.33333333 | E32: 0.33333333 | H32: 6
B33: 44404 | C33: 44411 | D33: 0.33333333 | E33: 0.33333333 | H33: 6
B34: 44558 | C34: 44564 | D34: 0.33333333 | E34: 0.33333333 | H34: 5
B35: 44593 | C35: 44593 | D35: 0.54166667 | E35: 0.33333333 | H35: 0.5
B36: 44618 | C36: 44618 | D36: 0.54166667 | E36: 0.33333333 | H36: 0.5
... B46: 45266 | C46: 45271 | D46: 0.5 | E46: 0.33333333 | H46: 3.5
B47: 26.04.2024 CUMA | C47: 29.04.2024 PAZARTESİ | D47: 0.33333333 | E47: 0.33333333 | H47: 3
B48: 45446 | C48: 45447 | D48: 0.33333333 | E48: 0.33333333 | H48: 1
B49: 45464 | C49: 45464 | D49: 0.5 | E49: 0.33333333 | H49: 0.5
B50: 45488 | C50: 45504 | D50: 0.33333333 | E50: 0.33333333 | H50: 15
B51: 45677 | C51: 45679 | D51: 0.33333333 | E51: 0.33333333 | H51: 3
B52: 45692 | C52: 45693 | D52: 0.33333333 | E52: 0.33333333 | H52: 2
B53: 45721 | C53: 45721 | D53: 0.33333333 | E53: 0.33333333 | H53: 1
B54: 45730 | C54: 45745 | D54: 0.33333333 | E54: 0.33333333 | H54: 13
B55: 45863 | C55: 45864 | H55: 2
B56: 45920 | C56: 45936 | H56: 13
B57: 45937 | C57: 45938 | H57: 1
B58: 46115 | C58: 46116 | H58: 1 | J58: İMZASIZ
B59: 46136 | C59: 46137 | H59: 1 | J59: İMZASIZ
B60: 46202 | C60: 46203 | H60: 1
F68: TOPLAMLAR | G68: =SUM(G7:G67) -> 210 | H68: =SUM(H7:H67) -> 189.5
F70: KALAN FARK(-/+) | H70: =G68-H68 -> 20.5

Sheet 32
A1: ADI SOYADI | B1: ='ANA SAYFA'!B33 -> MUSTAFA İSPİR | C1: PERSONEL İZİN ÇİZELGESİ | J1: ANA SAYFA
A2: T.C.KİMLİK NO | B2: ='ANA SAYFA'!D33 -> 56986627380
A3: GÖREVİ | B3: ='ANA SAYFA'!C33 -> BEKO LODER OPT.
A4: İŞE GİRİŞ TARİHİ | B4: ='ANA SAYFA'!E33 -> 45552
A5: DOĞUM TARİHİ | B5: ='ANA SAYFA'!F33 -> 35818
A6: İZİN NEDENİ | B6: İZİNE ÇIKIŞ TARİHİ | C6: İZİNDEN DÖNÜŞ TARİHİ | D6: İZİNE ÇIKIŞ SAATİ | E6: İZİNDEN DÖNÜŞ SAATİ | F6: İZNİ KAZANDIĞI TARİH ARALIĞI | G6: SENELİK İZİN HAKKI TUTARI | H6: KULLANILAN İZİN TUTARI
B7: 45646 | C7: 45647 | D7: 0.33333333 | E7: 0.33333333 | F7: 17.09.2024-17.09.2025 | G7: 14 | H7: 1.5
B8: 45757 | C8: 45757 | D8: 0.33333333 | E8: 0.33333333 | H8: 1
B9: NİSAN 2025 MAAŞINDAN YAPILAN KESİNTİ | H9: -2
B10: 45786 | C10: 45786 | D10: 0.33333333 | E10: 0.39444444 | H10: 1
B11: MAYIS MAAŞINDAN YAPILAN KESİNTİ | H11: -1
B12: 45957 | C12: 45958 | H12: 1
B13: 46139 | C13: 46140 | H13: 1 | J13: İMZASIZ
B14: 46202 | C14: 46203 | H14: 1
F32: TOPLAMLAR | G32: =SUM(G7:G31) -> 14 | H32: =SUM(H7:H31) -> 3.5
F34: KALAN FARK(-/+) | H34: =G32-H32 -> 10.5

Sheet 33
A1: ADI SOYADI | B1: ='ANA SAYFA'!B34 -> MUSTAFA DEMİRALAY | C1: PERSONEL İZİN ÇİZELGESİ | J1: ANA SAYFA
A2: T.C.KİMLİK NO | B2: ='ANA SAYFA'!D34 -> 61396483426
A3: GÖREVİ | B3: ='ANA SAYFA'!C34 -> TIR-ÇEKİCİ ŞOFÖRÜ
A4: İŞE GİRİŞ TARİHİ | B4: ='ANA SAYFA'!E34 -> 45362
A5: DOĞUM TARİHİ | B5: ='ANA SAYFA'!F34 -> 25781
A6: İZİN NEDENİ | B6: İZİNE ÇIKIŞ TARİHİ | C6: İZİNDEN DÖNÜŞ TARİHİ | D6: İZİNE ÇIKIŞ SAATİ | E6: İZİNDEN DÖNÜŞ SAATİ | F6: İZNİ KAZANDIĞI TARİH ARALIĞI | G6: SENELİK İZİN HAKKI TUTARI | H6: KULLANILAN İZİN TUTARI
B7: 42990 | C7: 42992 | D7: 0.33333333 | E7: 0.33333333 | F7: 22.08.17-22.08.18 | G7: 14 | H7: 2
B8: 43330 | C8: 43332 | D8: 0.33333333 | E8: 0.33333333 | F8: 22.08.18-22.08.19 | G8: 14 | H8: 1
B9: 43370 | C9: 43371 | D9: 0.33333333 | E9: 0.33333333 | F9: 22.08.19-22.08.20 | G9: 20 | H9: 1
B10: 43428 | C10: 43430 | D10: 0.33333333 | E10: 0.33333333 | F10: 22.08.20-22.08.21 | G10: 20 | H10: 1
B11: 43463 | C11: 43465 | D11: 0.33333333 | E11: 0.33333333 | F11: 22.08.21-22.08.22 | G11: 20 | H11: 1
B12: 43568 | C12: 43570 | D12: 0.33333333 | E12: 0.33333333 | F12: 22.08.22-22.08.23 | G12: 20 | H12: 1
B13: 43692 | C13: 43698 | D13: 0.33333333 | E13: 0.33333333 | F13: 22.08.23-22.08.24 | G13: 20 | H13: 5
B14: 43717 | C14: 43718 | D14: 0.33333333 | E14: 0.33333333 | F14: 22.08.24-22.08.25 | G14: 20 | H14: 1
B15: 43831 | C15: 43832 | D15: 0.33333333 | E15: 0.33333333 | H15: 1
B16: 43848 | C16: 43849 | D16: 0.33333333 | E16: 0.33333333 | H16: 1
B17: 43918 | C17: 43920 | D17: 0.54166667 | E17: 0.33333333 | H17: 0.5
B18: 44016 | C18: 44020 | D18: 0.33333333 | E18: 0.33333333 | H18: 3
B19: 44036 | C19: 44047 | D19: 0.33333333 | E19: 0.33333333 | H19: 5
B20: 44089 | C20: 44089 | D20: 0.33333333 | E20: 0.33333333 | H20: 0.5
B21: 44179 | C21: 44180 | D21: 0.33333333 | E21: 0.33333333 | H21: 1
B22: 44223 | C22: 44225 | D22: 0.41666667 | E22: 08.00 | H22: 1
B23: 44313 | C23: 44317 | D23: 0.33333333 | E23: 0.33333333 | H23: 4
B24: 44401 | C24: 44404 | D24: 0.33333333 | E24: 0.33333333 | H24: 2
B25: 44457 | C25: 44459 | D25: 0.33333333 | E25: 0.33333333 | H25: 1
B26: 44487 | C26: 44489 | D26: 0.33333333 | E26: 0.33333333 | H26: 2
B27: 44534 | C27: 44535 | D27: 0.54166667 | E27: 0.33333333 | H27: 0.5
B28: 44744 | C28: 44760 | D28: 0.33333333 | E28: 0.33333333 | H28: 8
B29: 44804 | C29: 44805 | D29: 0.33333333 | E29: 0.33333333 | H29: 1
B30: 44821 | C30: 44823 | D30: 0.33333333 | E30: 0.33333333 | H30: 1
B31: 44882 | C31: 44883 | D31: 0.33333333 | E31: 0.33333333 | H31: 1
B32: 45103 | C32: 45117 | D32: 0.33333333 | E32: 0.33333333 | H32: 7
B33: 45150 | C33: 45152 | D33: 0.33333333 | E33: 0.33333333 | H33: 1
B34: 44313 | C34: 44335 | D34: 0.33333333 | E34: 0.33333333 | H34: 15 | I34: ÖDENDİ
B35: 44737 | C35: 44760 | D35: 0.33333333 | E35: 0.33333333 | H35: 15 | I35: ÖDENDİ
B36: 45234 | C36: 45257 | D36: 0.33333333 | E36: 0.33333333 | H36: 19
B37: 45455 | C37: 45472 | D37: 0.33333333 | E37: 0.33333333 | H37: 12 | I37: =+G37-H37 -> -12
B38: 45583 | C38: 45583 | D38: 0.33333333 | E38: 0.33333333 | H38: 0.5
B39: 45682 | C39: 45685 | D39: 0.33333333 | E39: 0.33333333 | H39: 3
B40: 45686 | C40: 45686 | D40: 0.33333333 | E40: 0.33333333 | H40: 1
B41: 45723 | C41: 45723 | D41: 0.33333333 | E41: 0.33333333 | H41: 1
B42: 45812 | C42: 45823 | D42: 0.33333333 | E42: 0.33333333 | H42: 6
B43: 45850 | C43: 45850 | D43: 0.33333333 | E43: 0.33333333 | H43: 1
B44: 46099 | C44: 46118 | H44: 13
B45: 46163 | C45: 46174 | H45: 4
B46: 46164 | C46: 46174 | H46: 3
K47: 24/03/2026 ÇIKIŞ
K48: 06/04/2026 GİRİŞ
F52: TOPLAMLAR | G52: =SUM(G7:G51) -> 148 | H52: =SUM(H7:H51) -> 148
F54: KALAN FARK(-/+) | H54: =G52-H52 -> 0
A59: İŞE GİRŞ | B59: AYRILIŞ | C59: NEDENİ
A60: 43758 | B60: 44994 | C60: EMEKLİLİK
A61: 44995 | B61: 45361 | C61: BİLD.FESİH | D61: 10.03.2024 TARİHİNE KADAR KIDEM TAZMİNATINI ALDI.
A62: 45362

Sheet 34
A1: ADI SOYADI | B1: ='ANA SAYFA'!B35 -> MUSTAFA YALVAÇ | C1: PERSONEL İZİN ÇİZELGESİ | J1: ANA SAYFA
A2: T.C.KİMLİK NO | B2: ='ANA SAYFA'!D35 -> 12598524950
A3: GÖREVİ | B3: ='ANA SAYFA'!C35 -> BEDEN İŞCİSİ
A4: İŞE GİRİŞ TARİHİ | B4: ='ANA SAYFA'!E35 -> 44567
A5: DOĞUM TARİHİ | B5: ='ANA SAYFA'!F35 -> 22749
A6: İZİN NEDENİ | B6: İZİNE ÇIKIŞ TARİHİ | C6: İZİNDEN DÖNÜŞ TARİHİ | D6: İZİNE ÇIKIŞ SAATİ | E6: İZİNDEN DÖNÜŞ SAATİ | F6: İZNİ KAZANDIĞI TARİH ARALIĞI | G6: SENELİK İZİN HAKKI TUTARI | H6: KULLANILAN İZİN TUTARI
B7: 44795 | C7: 44802 | D7: 0.33333333 | E7: 800 | F7: 06.01.22-06.01.23 | G7: 20 | H7: 6
B8: 44888 | C8: 44889 | D8: 800 | E8: 0.33333333 | F8: 06.01.23-06.01.24 | G8: 20 | H8: 1
B9: 44943 | C9: 44946 | D9: 0.33333333 | E9: 0.33333333 | F9: 06.01.24-06.01.25 | G9: 20 | H9: 3
B10: 44970 | C10: 44975 | D10: 0.33333333 | E10: 0.33333333 | F10: 06.01.25-06.01.26 | G10: 20 | H10: 5
B11: 45117 | C11: 45131 | D11: 0.33333333 | E11: 0.33333333 | H11: 11
B12: 45237 | C12: 45238 | D12: 0.33333333 | E12: 0.33333333 | H12: 1
B13: 45336 | C13: 45337 | D13: 0.33333333 | E13: 0.33333333 | H13: 1
B14: 45346 | C14: 45348 | D14: 0.33333333 | E14: 0.33333333 | H14: 1
B15: 20.03.2024 SALI | C15: 25.03.2024 PAZARTESİ | D15: 0.33333333 | E15: 0.33333333 | H15: 4
B16: 45469 | C16: 45469 | H16: 1
B17: 45495 | C17: 45507 | H17: 12
A18: 05-07.08.2024 TARİHLERİNDE 3 GÜN ÖLÜM İZNİ KULLANDI
B19: 45512 | C19: 45516 | H19: 4
B20: 45525 | C20: 45525 | H20: 1
A21: AĞUSTOS 2024 MAAŞINDAN YAPILAN KESİNTİ | H21: -5
B22: 45559 | C22: 45559 | H22: 1
A23: EYLÜL 2024 MAAŞINDAN YAPILAN KESİNTİ | H23: -3
B24: 45615 | C24: 45616 | H24: 2
A25: EKİM 2024 MAAŞINDAN YAPILAN KESİNTİ | H25: -3
B26: 45610 | C26: 45610 | H26: 1
A27: KASIM 2024 MAAŞINDAN YAPILAN KESİNTİ | H27: -3
B28: 45721 | C28: 45721 | H28: 1
B29: 45804 | C29: 45804 | H29: 1
B30: 45818 | C30: 45835 | H30: 16
B31: 45856 | C31: 45857 | H31: 2
B32: 45915 | C32: 45916 | H32: 2
B33: 45957 | C33: 45958 | H33: 2
B34: 46009 | C34: 46010 | H34: 1
B35: 46181 | C35: 46188 | H35: 7
F42: TOPLAMLAR | G42: =SUM(G5:G41) -> 80 | H42: =SUM(H7:H41) -> 73
F44: KALAN FARK(-/+) | H44: =G42-H42 -> 7

Sheet 35
A1: ADI SOYADI | B1: ='ANA SAYFA'!B36 -> ERHAN AYDEMİR | C1: PERSONEL İZİN ÇİZELGESİ | J1: ANA SAYFA
A2: T.C.KİMLİK NO | B2: ='ANA SAYFA'!D36 -> 11219671110
A3: GÖREVİ | B3: ='ANA SAYFA'!C36 -> KANTAR GÖREVLİSİ
A4: İŞE GİRİŞ TARİHİ | B4: ='ANA SAYFA'!E36 -> 44211
A5: DOĞUM TARİHİ | B5: ='ANA SAYFA'!F36 -> 32441
A6: İZİN NEDENİ | B6: İZİNE ÇIKIŞ TARİHİ | C6: İZİNDEN DÖNÜŞ TARİHİ | D6: İZİNE ÇIKIŞ SAATİ | E6: İZİNDEN DÖNÜŞ SAATİ | F6: İZNİ KAZANDIĞI TARİH ARALIĞI | G6: SENELİK İZİN HAKKI TUTARI | H6: KULLANILAN İZİN TUTARI | K6: 45870 | L6: YENİ İŞE GİRİŞ
B7: 31.07.2025 ÇIKIŞ TARİHİNDEN DEVİR | G7: 23 | K7: 45869 | L7: KIDEM TAZMİNATI ÖDENDİ
F8: 15.01.25-15.01.26
B9: 46149 | C9: 46151 | H9: 2
F36: TOPLAMLAR | G36: =SUM(G7:G35) -> 23 | H36: =SUM(H7:H35) -> 2
F38: KALAN FARK(-/+) | H38: =G36-H36 -> 21

Sheet 36
A1: ADI SOYADI | B1: ='ANA SAYFA'!B37 -> MÜMİN AKÇİN | C1: PERSONEL İZİN ÇİZELGESİ | J1: ANA SAYFA
A2: T.C.KİMLİK NO | B2: ='ANA SAYFA'!D37 -> 12254984746
A3: GÖREVİ | B3: ='ANA SAYFA'!C37 -> OPERATÖR
A4: İŞE GİRİŞ TARİHİ | B4: ='ANA SAYFA'!E37 -> 44992
A5: DOĞUM TARİHİ | B5: ='ANA SAYFA'!F37 -> 27211
A6: İZİN NEDENİ | B6: İZİNE ÇIKIŞ TARİHİ | C6: İZİNDEN DÖNÜŞ TARİHİ | D6: İZİNE ÇIKIŞ SAATİ | E6: İZİNDEN DÖNÜŞ SAATİ | F6: İZNİ KAZANDIĞI TARİH ARALIĞI | G6: SENELİK İZİN HAKKI TUTARI | H6: KULLANILAN İZİN TUTARI
B7: 06.03.2023 Yılı Emeklilikten Devir İzin Hakkı | G7: 9
B8: 30.10.23-31.10.23 arası Çalışmasına Ücret Ödenmediğinden İzin Hakkına Eklenmiştir. | G8: 2
B9: 45005 | C9: 45007 | D9: 0.33333333 | E9: 0.33333333 | F9: 07.03.23-07.03.24 | G9: 14 | H9: 2
B10: 45001 | C10: 45003 | D10: 0.33333333 | E10: 0.33333333 | F10: 07.03.24-07.03.25 | G10: 20 | H10: 2
B11: 45090 | C11: 45092 | D11: 0.33333333 | E11: 0.33333333 | F11: 07.03.25-07.03.26 | G11: 20 | H11: 2
B12: 45103 | C12: 45111 | D12: 0.33333333 | E12: 0.33333333 | H12: 2
B13: 45139 | C13: 45155 | D13: 0.33333333 | E13: 0.33333333 | H13: 14
B14: 45155 | C14: 45169 | D14: 0.33333333 | E14: 0.33333333 | H14: 12
B15: 45278 | C15: 45281 | D15: 0.33333333 | E15: 0.33333333 | H15: 3
B16: 45299 | C16: 45300 | D16: 0.33333333 | E16: 0.33333333 | H16: 1
B17: 45314 | C17: 45315 | D17: 0.5 | E17: 0.33333333 | H17: 0.5
A18: OCAK 2024 MAAŞINDAN YAPILAN KESİNTİ | H18: -5
B19: 45339 | C19: 45339 | D19: 0.5 | E19: 0.75 | H19: 0.5
B20: 45348 | C20: 45349 | D20: 0.33333333 | E20: 0.33333333 | H20: 1
B21: 19.03.2024 SALI | C21: 19.03.2024 SALI | D21: 0.54166667 | E21: 0.75 | H21: 0.5
B22: 45390 | C22: 45390 | D22: 0.33333333 | E22: 0.33333333 | H22: 1
B23: 45449 | C23: 45450 | D23: 0.33333333 | E23: 0.33333333 | H23: 1
B24: 20.06.2024 Perşembe | C24: 24.05.2024 Pazartesi | D24: 0.33333333 | E24: 0.33333333 | H24: 4
A25: TEMMUZ 2024 MAAŞINDAN YAPILAN KESİNTİ | H25: -5
B26: 45535 | C26: 45535 | D26: 0.33333333 | E26: 0.33333333 | H26: 1
A27: AĞUSTOS 2024 MAAŞINDAN YAPILAN KESİNTİ | H27: -5
B28: 45566 | C28: 45566 | D28: 0.33333333 | E28: 0.33333333 | H28: 1
A29: EYLÜL 2024 MAAŞINDAN YAPILAN KESİNTİ | H29: -3
B30: 45619 | C30: 45619 | D30: 0.33333333 | E30: 0.33333333 | H30: 1
B31: 45617 | C31: 45618 | D31: 0.33333333 | E31: 0.33333333 | H31: 2
A32: EKİM 2024 MAAŞINDAN YAPILAN KESİNTİ | H32: -3
A33: KASIM 2024 MAAŞINDAN YAPILAN KESİNTİ | H33: -3
B34: 45672 | C34: 45672 | D34: 0.33333333 | E34: 0.33333333 | H34: 1
B35: 45314 | C35: 45682 | D35: 0.33333333 | E35: 0.33333333 | H35: 3
A36: OCAK 2025 MAAŞINDAN YAPILAN KESİNTİ | H36: -2
B37: 45724 | C37: 45724 | D37: 0.33333333 | E37: 0.33333333 | H37: 1
B38: 45759 | C38: 45759 | D38: 0.33333333 | E38: 0.33333333 | H38: 1
B39: 45782 | C39: 45787 | D39: 0.33333333 | E39: 0.33333333 | H39: 6
B40: 45838 | C40: 45838 | D40: 0.33333333 | E40: 0.75 | H40: 1
B41: 45852 | C41: 45854 | D41: 0.33333333 | E41: 0.33333333 | H41: 2
B42: 45887 | C42: 45888 | D42: 0.33333333 | E42: 0.33333333 | H42: 1
B43: 45931 | C43: 45932 | D43: 0.33333333 | E43: 0.33333333 | H43: 1
B44: 45971 | C44: 45978 | D44: 0.33333333 | E44: 0.33333333 | H44: 6
B45: 45985 | C45: 45986 | D45: 0.33333333 | E45: 0.33333333 | H45: 1
B46: 46006 | C46: 46007 | D46: 0.33333333 | E46: 0.33333333 | H46: 1
B47: 46202 | C47: 46204 | H47: 3
F52: TOPLAMLAR | G52: =SUM(G7:G51) -> 65 | H52: =SUM(H7:H51) -> 53.5
F54: KALAN FARK(-/+) | H54: =G52-H52 -> 11.5

Sheet 37
A1: ADI SOYADI | B1: ='ANA SAYFA'!B38 -> MEHMET CEMİL ÇETİN | C1: PERSONEL İZİN ÇİZELGESİ | J1: ANA SAYFA
A2: T.C.KİMLİK NO | B2: ='ANA SAYFA'!D38 -> 20401800252
A3: GÖREVİ | B3: ='ANA SAYFA'!C38 -> TIR-ÇEKİCİ ŞOFÖRÜ
A4: İŞE GİRİŞ TARİHİ | B4: ='ANA SAYFA'!E38 -> 44985
A5: DOĞUM TARİHİ | B5: ='ANA SAYFA'!F38 -> 25821
A6: İZİN NEDENİ | B6: İZİNE ÇIKIŞ TARİHİ | C6: İZİNDEN DÖNÜŞ TARİHİ | D6: İZİNE ÇIKIŞ SAATİ | E6: İZİNDEN DÖNÜŞ SAATİ | F6: İZNİ KAZANDIĞI TARİH ARALIĞI | G6: SENELİK İZİN HAKKI TUTARI | H6: KULLANILAN İZİN TUTARI
B7: 45103 | C7: 45110 | D7: 0.33333333 | E7: 0.5 | F7: 28.02.23-28.02.24 | G7: 20 | H7: 1.5
B8: 45175 | C8: 45182 | D8: 0.33333333 | E8: 0.33333333 | F8: 28.02.24-28.02.25 | G8: 20 | H8: 6
B9: 45269 | C9: 45278 | D9: 0.33333333 | E9: 0.33333333 | F9: 28.02.25-28.02.26 | G9: 20 | H9: 7
B10: 45316 | C10: 45321 | D10: 0.33333333 | E10: 0.33333333 | H10: 4
B11: 08.04.2024 PAZARTESİ | C11: 13.04.2024 CUMARTESİ | D11: 0.33333333 | E11: 0.33333333 | H11: 2
B12: 45457 | C12: 45464 | D12: 0.33333333 | E12: 0.33333333 | H12: 3
B13: 45495 | C13: 45496 | D13: 0.33333333 | E13: 0.33333333 | H13: 2
A14: AĞUSTOS 2024 MAAŞINDAN YAPILAN KESİNTİ | H14: -3
B15: 45626 | C15: 45633 | D15: 0.33333333 | E15: 0.33333333 | H15: 7
A16: KURBAN | B16: 45813 | C16: 45827 | D16: 0.33333333 | E16: 0.33333333 | H16: 8
B17: 45910 | C17: 45917 | D17: 0.33333333 | E17: 0.33333333 | H17: 6
B18: 45994 | C18: 46001 | H18: 6
B19: 46104 | C19: 46106 | H19: 2
B20: 46174 | C20: 46183 | H20: 9
F34: TOPLAMLAR | G34: =SUM(G5:G33) -> 60 | H34: =SUM(H7:H33) -> 60.5
F36: KALAN FARK(-/+) | H36: =G34-H34 -> -0.5

Sheet 38
A1: ADI SOYADI | B1: ='ANA SAYFA'!B39 -> NİHAT ÖZGEL | C1: PERSONEL İZİN ÇİZELGESİ | J1: ANA SAYFA
A2: T.C.KİMLİK NO | B2: ='ANA SAYFA'!D39 -> 49831847958
A3: GÖREVİ | B3: ='ANA SAYFA'!C39 -> KAMYON ŞOFÖRÜ
A4: İŞE GİRİŞ TARİHİ | B4: ='ANA SAYFA'!E39 -> 43984
A5: DOĞUM TARİHİ | B5: ='ANA SAYFA'!F39 -> 23377
A6: İZİN NEDENİ | B6: İZİNE ÇIKIŞ TARİHİ | C6: İZİNDEN DÖNÜŞ TARİHİ | D6: İZİNE ÇIKIŞ SAATİ | E6: İZİNDEN DÖNÜŞ SAATİ | F6: İZNİ KAZANDIĞI TARİH ARALIĞI | G6: SENELİK İZİN HAKKI TUTARI | H6: KULLANILAN İZİN TUTARI
B7: 44179 | C7: 44180 | D7: 0.33333333 | E7: 0.33333333 | F7: 02.06.20-02.06.21 | G7: 20 | H7: 1
B8: 44223 | C8: 44225 | D8: 0.41666667 | E8: 0.33333333 | F8: 02.06.21-02.06.22 | G8: 20 | H8: 1
B9: 44462 | C9: 44463 | D9: 0.33333333 | E9: 0.33333333 | F9: 02.06.22-02.06.23 | G9: 20 | H9: 1
B10: 44545 | C10: 44550 | D10: 0.33333333 | E10: 0.33333333 | F10: 02.06.23-02.06.24 | G10: 20 | H10: 4
B11: 44629 | C11: 44630 | D11: 0.33333333 | E11: 0.33333333 | F11: 02.06.24-02.06.25 | G11: 20 | H11: 1
B12: 44737 | C12: 44738 | D12: 0.33333333 | E12: 0.33333333 | H12: 1
B13: 44741 | C13: 44741 | D13: 0.33333333 | E13: 0.75 | H13: 1
A14: 30 GÜNLÜK İZNİNİN BEDELİNİ PARA OLARAK ALDI | H14: 30
B15: 45121 | C15: 45122 | D15: 0.33333333 | E15: 0.33333333 | H15: 1
B16: 45131 | C16: 45132 | D16: 0.33333333 | E16: 0.33333333 | H16: 1
B17: 45189 | C17: 45190 | D17: 0.33333333 | E17: 0.33333333 | H17: 1
A18: 10 GÜNLÜK İZNİNİN BEDELİNİ PARA OLARAK ALDI 06.10.2023 7.000 TL | H18: 10
B19: 45216 | C19: 45217 | D19: 0.33333333 | E19: 0.33333333 | H19: 1
B20: 45237 | C20: 45238 | D20: 0.33333333 | E20: 0.33333333 | H20: 1
B21: 45362 | C21: 45363 | D21: 0.33333333 | E21: 0.33333333 | H21: 1
B22: 45463 | C22: 45463 | D22: 0.33333333 | E22: 0.33333333 | H22: 1
B23: 45477 | C23: 45477 | D23: 0.33333333 | E23: 0.33333333 | H23: 1
A24: 31.07.2024 - 02/08/2024 3 Gün cenaze izini kullandı | D24: 0.33333333 | E24: 0.33333333
B25: 45507 | C25: 45507 | D25: 0.33333333 | E25: 0.33333333 | H25: 1
B26: 45513 | C26: 45513 | D26: 0.33333333 | E26: 0.33333333 | H26: 1
B27: 45531 | C27: 45531 | D27: 0.33333333 | E27: 0.33333333 | H27: 1
B28: 45757 | C28: 45757 | D28: 0.33333333 | E28: 0.33333333 | H28: 1
B29: 45771 | C29: 45771 | D29: 0.33333333 | E29: 0.33333333 | H29: 1
B30: 45818 | C30: 45819 | D30: 0.33333333 | E30: 0.33333333 | H30: 2
B31: 45847 | C31: 45847 | D31: 0.33333333 | E31: 0.33333333 | H31: 1
B32: 45875 | C32: 45875 | D32: 0.33333333 | E32: 0.33333333 | H32: 1
B33: 45888 | C33: 45888 | D33: 0.33333333 | E33: 0.33333333 | H33: 1
B34: 45938 | C34: 45938 | D34: 0.33333333 | E34: 0.33333333 | H34: 1
B35: 45960 | C35: 45961 | D35: 0.33333333 | E35: 0.33333333 | H35: 1
B36: 45994 | C36: 45995 | D36: 0.33333333 | E36: 0.33333333 | H36: 1
B37: 46045 | C37: 46046 | H37: 1
B38: 46086 | C38: 46087 | H38: 1
F43: TOPLAMLAR | G43: =SUM(G7:G42) -> 100 | H43: =SUM(H7:H42) -> 73
F45: KALAN FARK(-/+) | H45: =G43-H43 -> 27

Sheet 39
A1: ADI SOYADI | B1: ='ANA SAYFA'!B40 -> NURETTİN AYDIN | C1: PERSONEL İZİN ÇİZELGESİ | J1: ANA SAYFA
A2: T.C.KİMLİK NO | B2: ='ANA SAYFA'!D40 -> 25240844054
A3: GÖREVİ | B3: ='ANA SAYFA'!C40 -> DOZER OPERATÖR
A4: İŞE GİRİŞ TARİHİ | B4: ='ANA SAYFA'!E40 -> 43029
A5: DOĞUM TARİHİ | B5: ='ANA SAYFA'!F40 -> 22051
A6: İZİN NEDENİ | B6: İZİNE ÇIKIŞ TARİHİ | C6: İZİNDEN DÖNÜŞ TARİHİ | D6: İZİNE ÇIKIŞ SAATİ | E6: İZİNDEN DÖNÜŞ SAATİ | F6: İZNİ KAZANDIĞI TARİH ARALIĞI | G6: SENELİK İZİN HAKKI TUTARI | H6: KULLANILAN İZİN TUTARI
B7: 43068 | C7: 43069 | D7: 0.33333333 | E7: 0.33333333 | F7: 21.10.17-21.10.18 | G7: 20 | H7: 0.5
B8: 43192 | C8: 43193 | D8: 0.33333333 | E8: 0.33333333 | F8: 21.10.18.-21.10.19 | G8: 20 | H8: 1
B9: 43299 | C9: 43300 | D9: 0.33333333 | E9: 0.33333333 | F9: 21.10.19.-21.10.20 | G9: 20 | H9: 1
B10: 43315 | C10: 43316 | D10: 0.54166667 | E10: 0.33333333 | F10: 21.10.20.-21.10.21 | G10: 20 | H10: 0.5
B11: 43353 | C11: 43354 | D11: 0.33333333 | E11: 0.33333333 | F11: 21.10.21-21.10.22 | G11: 20 | H11: 1
B12: 43357 | C12: 43360 | D12: 0.33333333 | E12: 0.33333333 | F12: 21.10.22-21.10.23 | G12: 20 | H12: 2
B13: 43612 | C13: 43613 | D13: 0.33333333 | E13: 0.33333333 | F13: 21.10.23-21.10.24 | G13: 20 | H13: 1
B14: 43629 | C14: 43630 | D14: 0.33333333 | E14: 0.33333333 | F14: 21.10.24-21.10.25 | G14: 20 | H14: 1
B15: 43727 | C15: 43728 | D15: 0.33333333 | E15: 0.33333333 | H15: 1
B16: 43753 | C16: 43754 | D16: 0.33333333 | E16: 0.33333333 | H16: 1
B17: 43853 | C17: 43854 | D17: 0.33333333 | E17: 0.33333333 | H17: 1
B18: 43864 | C18: 43871 | D18: 0.33333333 | E18: 0.33333333 | H18: 6
B19: 43874 | C19: 43875 | D19: 0.33333333 | E19: 0.33333333 | H19: 1
B20: 43920 | C20: 43930 | D20: 0.33333333 | E20: 0.33333333 | H20: 10
B21: 43973 | C21: 43974 | D21: 0.33333333 | E21: 0.33333333 | H21: 1
B22: 43990 | C22: 43991 | D22: 0.33333333 | E22: 0.33333333 | H22: 1
B23: 44210 | C23: 44214 | D23: 0.33333333 | E23: 0.33333333 | H23: 3
B24: 44242 | C24: 44249 | D24: 0.33333333 | E24: 0.33333333 | H24: 6
B25: 44403 | C25: 44404 | D25: 0.33333333 | E25: 0.33333333 | H25: 1
B26: 44405 | C26: 44406 | D26: 0.33333333 | E26: 0.33333333 | H26: 1
... B36: 45549 | C36: 45549 | D36: 0.5 | E36: 0.33333333 | H36: 0.5
B37: 19 Nisan 2025 Cumartesi | C37: 19 Nisan 2025 Cumartesi | D37: 0.33333333 | E37: 0.33333333 | H37: 1
B38: 45880 | C38: 45881 | D38: 0.33333333 | E38: 0.33333333 | H38: 1
B39: 45898 | C39: 45902 | D39: 0.33333333 | E39: 0.33333333 | H39: 2
B40: 45915 | C40: 45924 | D40: 0.33333333 | E40: 0.33333333 | H40: 9
B41: 45964 | C41: 45965 | H41: 1
B42: 45981 | C42: 45983 | H42: 2
B43: 46099 | C43: 46100 | H43: 1
B44: 46147 | C44: 46148 | H44: 1
B45: 46162 | C45: 46163 | H45: 1
B46: 46164 | C46: 46174 | H46: 3
F61: TOPLAMLAR | G61: =SUM(G7:G60) -> 160 | H61: =SUM(H7:H60) -> 101.5
F63: KALAN FARK(-/+) | H63: =G61-H61 -> 58.5

Sheet 40
A1: ADI SOYADI | B1: ='ANA SAYFA'!B41 -> MEHMET ÇELİK | C1: PERSONEL İZİN ÇİZELGESİ | J1: ANA SAYFA
A2: T.C.KİMLİK NO | B2: ='ANA SAYFA'!D41 -> 67363072846
A3: GÖREVİ | B3: ='ANA SAYFA'!C41 -> İŞ MAK. YAĞCISI
A4: İŞE GİRİŞ TARİHİ | B4: ='ANA SAYFA'!E41 -> 45173
A5: DOĞUM TARİHİ | B5: ='ANA SAYFA'!F41 -> 37196
A6: İZİN NEDENİ | B6: İZİNE ÇIKIŞ TARİHİ | C6: İZİNDEN DÖNÜŞ TARİHİ | D6: İZİNE ÇIKIŞ SAATİ | E6: İZİNDEN DÖNÜŞ SAATİ | F6: İZNİ KAZANDIĞI TARİH ARALIĞI | G6: SENELİK İZİN HAKKI TUTARI | H6: KULLANILAN İZİN TUTARI
B7: 45239 | C7: 45240 | D7: 0.33333333 | E7: 0.33333333 | F7: 04.09.23-04.09.24 | G7: 14 | H7: 1
B8: 45310 | C8: 45315 | D8: 0.33333333 | E8: 0.33333333 | F8: 04.09.24-04.09.25 | G8: 14 | H8: 4
B9: OCAK 2024 MAAŞINDAN YAPILAN KESİNTİ | H9: -3
B10: 11.06.2024 Salı | C10: 14.06.2024 Cuma | D10: 0.33333333 | E10: 0.33333333 | H10: 3.5
B11: 45513 | C11: 45513 | D11: 0.33333333 | E11: 0.33333333 | H11: 1
B12: 45656 | C12: 45663 | D12: 0.33333333 | E12: 0.33333333 | H12: 7.5
B13: 45702 | C13: 45702 | D13: 0.33333333 | E13: 0.33333333 | H13: 1
B14: 45749 | C14: 45750 | D14: 0.33333333 | E14: 0.33333333 | H14: 2
B15: NİSAN 2025 MAAŞINDAN YAPILAN KESİNTİ | H15: -3
B16: 45843 | C16: 45850 | D16: 0.33333333 | E16: 0.33333333 | H16: 7
B17: 45971 | C17: 45973 | D17: 0.33333333 | E17: 0.33333333 | H17: 2
B18: 45969 | C18: 45971 | H18: 1
B19: 45979 | C19: 45980 | H19: 1
B20: 46024 | C20: 46029 | H20: 4
B21: 46104 | C21: 46106 | H21: 2 | J21: İMZASIZ
B22: MART2026 MAAŞINDAN KESİLDİ | H22: -3
B23: 46164 | C23: 46175 | H23: 4
B24: 46204 | C24: 46205
F34: TOPLAMLAR | G34: =SUM(G7:G33) -> 28 | H34: =SUM(H7:H33) -> 32
F36: KALAN FARK(-/+) | H36: =G34-H34 -> -4

Sheet 41
A1: ADI SOYADI | B1: ='ANA SAYFA'!B42 -> MUHAMMET GÜRBÜZ | C1: PERSONEL İZİN ÇİZELGESİ | J1: ANA SAYFA
A2: T.C.KİMLİK NO | B2: ='ANA SAYFA'!D42 -> 35635379450
A3: GÖREVİ | B3: ='ANA SAYFA'!C42 -> EKSKAVATÖR OPERATÖRÜ
A4: İŞE GİRİŞ TARİHİ | B4: ='ANA SAYFA'!E42 -> 45555
A5: DOĞUM TARİHİ | B5: ='ANA SAYFA'!F42 -> 36893
A6: İZİN NEDENİ | B6: İZİNE ÇIKIŞ TARİHİ | C6: İZİNDEN DÖNÜŞ TARİHİ | D6: İZİNE ÇIKIŞ SAATİ | E6: İZİNDEN DÖNÜŞ SAATİ | F6: İZNİ KAZANDIĞI TARİH ARALIĞI | G6: SENELİK İZİN HAKKI TUTARI | H6: KULLANILAN İZİN TUTARI
B7: 45629 | C7: 45632 | F7: 20.09.24-20.09.25 | G7: 14 | H7: 4
B8: ARALIK 2024 MAAŞINDAN YAPILAN KESİNTİ | G8: 2
B9: OCAK 2025 MAAŞINDAN YAPILAN KESİNTİ | G9: 2
B10: 45964 | C10: 45965 | H10: 1 | J10: İMZASIZ
B11: 46020 | C11: 46021 | H11: 1
B12: 46099 | C12: 46100 | H12: 1
B13: 46162 | C13: 46174 | H13: 5
F34: TOPLAMLAR | G34: =SUM(G5:G33) -> 18 | H34: =SUM(H7:H33) -> 12
F36: KALAN FARK(-/+) | H36: =G34-H34 -> 6

Sheet 42
A1: ADI SOYADI | B1: ='ANA SAYFA'!B43 -> ORHAN ÇETİN | C1: PERSONEL İZİN ÇİZELGESİ | J1: ANA SAYFA
A2: T.C.KİMLİK NO | B2: ='ANA SAYFA'!D43 -> 26288388982
A3: GÖREVİ | B3: ='ANA SAYFA'!C43 -> ROK OPERATÖR
A4: İŞE GİRİŞ TARİHİ | B4: ='ANA SAYFA'!E43 -> 43516
A5: DOĞUM TARİHİ | B5: ='ANA SAYFA'!F43 -> 25821
A6: İZİN NEDENİ | B6: İZİNE ÇIKIŞ TARİHİ | C6: İZİNDEN DÖNÜŞ TARİHİ | D6: İZİNE ÇIKIŞ SAATİ | E6: İZİNDEN DÖNÜŞ SAATİ | F6: İZNİ KAZANDIĞI TARİH ARALIĞI | G6: SENELİK İZİN HAKKI TUTARI | H6: KULLANILAN İZİN TUTARI
B7: 43918 | C7: 43959 | D7: 0.33333333 | E7: 0.33333333 | F7: 20.02.19-20.02.20 | G7: 14 | H7: 35
B8: 43964 | C8: 43981 | D8: 0.33333333 | E8: 0.33333333 | F8: 21.02.20-20.02.21 | G8: 20 | H8: 12.5
B9: 44039 | C9: 44048 | D9: 800 | E9: 0.33333333 | F9: 21.02.21-20.02.22 | G9: 20 | H9: 1 | J9: 45626 | K9: E KADAR KIDEM TAZMİNATI ÖDENDİ
B10: 44270 | C10: 44293 | D10: 0.33333333 | E10: 0.33333333 | F10: 21.02.22-20.02.23 | G10: 20 | H10: 20
B11: 44390 | C11: 44404 | D11: 0.33333333 | E11: 0.33333333 | F11: 21.02.23-20.02.24 | G11: 20 | H11: 5
B12: 03.04.2024 ÇARŞAMBA | C12: 15.04.2024 PAZARTESİ | D12: 0.33333333 | E12: 0.33333333 | F12: 21.02.23-20.02.24 | G12: 20 | H12: 5
F13: 21.02.24-20.02.25 | G13: 20
F41: TOPLAMLAR | G41: =SUM(G7:G40) -> 134 | H41: =SUM(H7:H40) -> 78.5
F43: KALAN FARK(-/+) | H43: =G41-H41 -> 55.5

Sheet 43
A1: ADI SOYADI | B1: ='ANA SAYFA'!B44 -> ORHAN TUĞLU | C1: PERSONEL İZİN ÇİZELGESİ | J1: ANA SAYFA
A2: T.C.KİMLİK NO | B2: ='ANA SAYFA'!D44 -> 32540233440
A3: GÖREVİ | B3: ='ANA SAYFA'!C44 -> FORMEN
A4: İŞE GİRİŞ TARİHİ | B4: ='ANA SAYFA'!E44 -> 44793
A5: DOĞUM TARİHİ | B5: ='ANA SAYFA'!F44 -> 30082
A6: İZİN NEDENİ | B6: İZİNE ÇIKIŞ TARİHİ | C6: İZİNDEN DÖNÜŞ TARİHİ | D6: İZİNE ÇIKIŞ SAATİ | E6: İZİNDEN DÖNÜŞ SAATİ | F6: İZNİ KAZANDIĞI TARİH ARALIĞI | G6: SENELİK İZİN HAKKI TUTARI | H6: KULLANILAN İZİN TUTARI
B7: 44821 | C7: 44824 | D7: 0.33333333 | E7: 08:000 | F7: 20.08.22-20.08.23 | G7: 14 | H7: 2 | K7: 45790 | L7: EMEKLİLİK KIDEMİ VERİLDİ
B8: 45073 | C8: 45075 | D8: 0.33333333 | E8: 0.33333333 | F8: 20.08.23-20.08.24 | G8: 14 | H8: 1 | K8: 45791 | L8: YENİ KIDEM BAŞLANGICI
B9: 45145 | C9: 45146 | D9: 0.33333333 | E9: 0.33333333 | F9: 20.08.24-20.08.25 | G9: 14 | H9: 1
B10: 45147 | C10: 45148 | D10: 0.33333333 | E10: 0.33333333 | H10: 1
B11: 45271 | C11: 45272 | D11: 0.33333333 | E11: 0.33333333 | H11: 1
B12: 45463 | C12: 45465 | H12: 3
B13: 45556 | C13: 45556 | H13: 1
B14: 45927 | C14: 45927 | H14: 1
B15: 45934 | C15: 45935 | H15: 1
B16: 46099 | C16: 46105 | H16: 2
B17: 46116 | C17: 46118 | H17: 1
B18: 46175 | C18: 46176 | H18: 1
F40: TOPLAMLAR | G40: =SUM(G7:G39) -> 42 | H40: =SUM(H7:H39) -> 16
F42: KALAN FARK(-/+) | H42: =G40-H40 -> 26

Sheet 44
A1: ADI SOYADI | B1: ='ANA SAYFA'!B45 -> RAMAZAN YAPANOĞLU | C1: PERSONEL İZİN ÇİZELGESİ | J1: ANA SAYFA
A2: T.C.KİMLİK NO | B2: ='ANA SAYFA'!D45 -> 30865945482
A3: GÖREVİ | B3: ='ANA SAYFA'!C45 -> KAMYON ŞOFÖRÜ
A4: İŞE GİRİŞ TARİHİ | B4: ='ANA SAYFA'!E45 -> 42118
A5: DOĞUM TARİHİ | B5: ='ANA SAYFA'!F45 -> 27488
A6: İZİN NEDENİ | B6: İZİNE ÇIKIŞ TARİHİ | C6: İZİNDEN DÖNÜŞ TARİHİ | D6: İZİNE ÇIKIŞ SAATİ | E6: İZİNDEN DÖNÜŞ SAATİ | F6: İZNİ KAZANDIĞI TARİH ARALIĞI | G6: SENELİK İZİN HAKKI TUTARI | H6: KULLANILAN İZİN TUTARI
A7: 31.05.2024 tarihinde işten çıkışı yapılarak tazminat ödemesi yapılmıştır. Devir Kalan İzin Alacağı | G7: 20.5
B8: 45455 | C8: 45457 | D8: 0.33333333 | E8: 0.33333333 | F8: 24.04.24-24.04.25 | G8: 20 | H8: 3 | K8: 45443 | L8: KURTYAPI/zSAT MAK
B9: 45675 | C9: 45682 | D9: 0.33333333 | E9: 0.33333333 | F9: 24.04.25-24.04.26 | G9: 20 | H9: 7 | K9: 45809 | L9: yeni kıdem başlangıcı
B10: 45684 | C10: 45684 | D10: 0.33333333 | E10: 0.33333333 | H10: 1
B11: 45797 | C11: 45797 | D11: 0.33333333 | E11: 0.33333333 | H11: 1
B12: 45884 | C12: 45895 | D12: 0.33333333 | E12: 0.33333333 | H12: 9
B13: 45955 | C13: 45957 | H13: 1
B14: 46042 | C14: 46055 | H14: 11
B15: 46130 | C15: 46132 | H15: 1
B16: 46165 | C16: 46174 | H16: 2
F39: TOPLAMLAR | G39: =SUM(G7:G38) -> 60.5 | H39: =SUM(H7:H38) -> 36
F41: KALAN FARK(-/+) | H41: =G39-H39 -> 24.5

Sheet 45
A1: ADI SOYADI | B1: ='ANA SAYFA'!B46 -> RECEP ALEMDAR | C1: PERSONEL İZİN ÇİZELGESİ | J1: ANA SAYFA
A2: T.C.KİMLİK NO | B2: ='ANA SAYFA'!D46 -> 61294341224
A3: GÖREVİ | B3: ='ANA SAYFA'!C46 -> EKSKAVATÖR OPERATÖRÜ
A4: İŞE GİRİŞ TARİHİ | B4: ='ANA SAYFA'!E46 -> 44643
A5: DOĞUM TARİHİ | B5: ='ANA SAYFA'!F46 -> 26552
A6: İZİN NEDENİ | B6: İZİNE ÇIKIŞ TARİHİ | C6: İZİNDEN DÖNÜŞ TARİHİ | D6: İZİNE ÇIKIŞ SAATİ | E6: İZİNDEN DÖNÜŞ SAATİ | F6: İZNİ KAZANDIĞI TARİH ARALIĞI | G6: SENELİK İZİN HAKKI TUTARI | H6: KULLANILAN İZİN TUTARI
B7: 44681 | C7: 44681 | D7: 0.33333333 | E7: 0.33333333 | F7: 23.03.22-23.03.23 | G7: 20 | H7: 1
B8: 44739 | C8: 44755 | D8: 0.33333333 | E8: 0.33333333 | F8: 23.03.23-23.03.24 | G8: 20 | H8: 15
B9: 45607 | C9: 45608 | F9: 23.03.23-23.03.25 | G9: 20 | H9: 2
B10: 45621 | C10: 45628 | H10: 6
B11: 45818 | C11: 45824 | D11: 0.33333333 | E11: 0.75 | H11: 5
B12: 45994 | C12: 46006 | H12: 10 | J12: İMZASIZ
F32: TOPLAMLAR | G32: =SUM(G7:G31) -> 60 | H32: =SUM(H7:H31) -> 39
F34: KALAN FARK(-/+) | H34: =G32-H32 -> 21

Sheet 46
A1: ADI SOYADI | B1: ='ANA SAYFA'!B47 -> RESUL MURATHAN | C1: PERSONEL İZİN ÇİZELGESİ | J1: ANA SAYFA
A2: T.C.KİMLİK NO | B2: ='ANA SAYFA'!D47 -> 35662493402
A3: GÖREVİ | B3: ='ANA SAYFA'!C47 -> DOZER OPERATÖR
A4: İŞE GİRİŞ TARİHİ | B4: ='ANA SAYFA'!E47 -> 42392
A5: DOĞUM TARİHİ | B5: ='ANA SAYFA'!F47 -> 31310
A6: İZİN NEDENİ | B6: İZİNE ÇIKIŞ TARİHİ | C6: İZİNDEN DÖNÜŞ TARİHİ | D6: İZİNE ÇIKIŞ SAATİ | E6: İZİNDEN DÖNÜŞ SAATİ | F6: İZNİ KAZANDIĞI TARİH ARALIĞI | G6: SENELİK İZİN HAKKI TUTARI | H6: KULLANILAN İZİN TUTARI
B7: 42629 | C7: 42632 | D7: 0.33333333 | E7: 0.33333333 | F7: 23.01.16-23.01.17 | G7: 14 | H7: 3
B8: 42755 | C8: 42759 | D8: 0.33333333 | E8: 0.33333333 | F8: 23.01.17-23.01.18 | G8: 14 | H8: 2
B9: 42868 | C9: 42873 | D9: 0.33333333 | E9: 0.33333333 | F9: 23.01.18-23.01.19 | G9: 14 | H9: 4
B10: 42970 | C10: 42991 | D10: 0.33333333 | E10: 0.33333333 | F10: 23.01.19-23.01.20 | G10: 14 | H10: 10
B11: 43025 | C11: 43031 | D11: 0.33333333 | E11: 0.33333333 | F11: 23.01.20-23.01.21 | G11: 14 | H11: 6
B12: 43181 | C12: 43186 | D12: 0.33333333 | E12: 0.33333333 | F12: 23.01.21-23.01.22 | G12: 20 | H12: 4
B13: 43300 | C13: 43301 | D13: 0.33333333 | E13: 0.33333333 | F13: 23.01.22-23.01.23 | G13: 20 | H13: 1
B14: 43421 | C14: 43423 | D14: 0.33333333 | E14: 0.33333333 | F14: 23.01.23-23.01.24 | G14: 20 | H14: 2.5
B15: 43575 | C15: 43577 | D15: 0.54166667 | E15: 0.33333333 | F15: 23.01.24-23.01.25 | G15: 20 | H15: 0.5
B16: 43636 | C16: 43637 | D16: 0.54166667 | E16: 0.33333333 | F16: 23.01.25-23.01.26 | G16: 20 | H16: 0.5
B17: 43692 | C17: 43698 | D17: 0.33333333 | E17: 0.33333333 | H17: 5
B18: 43764 | C18: 43766 | D18: 0.33333333 | E18: 0.33333333 | H18: 1
B19: 43830 | C19: 43832 | D19: 0.33333333 | E19: 0.33333333 | H19: 2
B20: 43845 | C20: 43846 | D20: 0.54166667 | E20: 0.33333333 | H20: 0.5
B21: 43859 | C21: 43860 | D21: 0.33333333 | E21: 0.33333333 | H21: 1
B22: 43896 | C22: 43897 | D22: 0.33333333 | E22: 0.33333333 | H22: 1
B23: 43911 | C23: 43913 | D23: 0.33333333 | E23: 0.54166667 | H23: 0.5
B24: 44103 | C24: 44103 | D24: 0.33333333 | E24: 0.5 | H24: 0.5
B25: 44123 | C25: 44124 | D25: 0.5 | E25: 0.33333333 | H25: 0.5
B26: 44187 | C26: 44196 | D26: 0.33333333 | E26: 0.33333333 | H26: 8
B27: 44224 | C27: 44226 | D27: 0.33333333 | E27: 0.33333333 | H27: 2
B28: 44386 | C28: 44387 | D28: 0.33333333 | E28: 0.33333333 | H28: 1
B29: 44391 | C29: 44412 | D29: 0.33333333 | E29: 0.33333333 | H29: 13
B30: 44426 | C30: 44427 | D30: 0.33333333 | E30: 0.33333333 | H30: 1
B31: 44546 | C31: 44548 | D31: 0.33333333 | E31: 0.33333333 | H31: 2
B32: 44686 | C32: 44687 | D32: 0.33333333 | E32: 0.33333333 | H32: 1
B33: 44844 | C33: 44845 | D33: 0.33333333 | E33: 0.33333333 | H33: 1
B34: 44890 | C34: 44891 | D34: 0.33333333 | E34: 0.33333333 | H34: 1
B35: 44908 | C35: 44913 | D35: 0.33333333 | E35: 0.33333333 | H35: 4
B36: 44993 | C36: 44994 | D36: 0.33333333 | E36: 0.33333333 | H36: 1
B37: 45012 | C37: 45013 | D37: 0.33333333 | E37: 0.33333333 | H37: 1
... B49: 45637 | C49: 45639 | D49: 0.33333333 | E49: 0.33333333 | H49: 3
B50: 04 Mart 2025 Salı | C50: 04 Mart 2025 Salı | D50: 0.33333333 | E50: 0.33333333 | H50: 1
B51: 26 Nisan 2025 Cumartesi | C51: 26 Nisan 2025 Cumartesi | D51: 0.33333333 | E51: 0.33333333 | H51: 1
B55: 45852 | C55: 45875 | D55: 0.33333333 | E55: 0.77083333 | H55: 20
B56: 45876 | C56: 45880 | H56: 4
B57: 45885 | C57: 45887 | D57: 0.33333333 | E57: 0.33333333 | H57: 1
B58: 45979 | C58: 45982 | H58: 3
F67: TOPLAMLAR | G67: =SUM(G5:G66) -> 170 | H67: =SUM(H7:H66) -> 127
F69: KALAN FARK(-/+) | H69: =G67-H67 -> 43

Sheet 47
A1: ADI SOYADI | B1: ='ANA SAYFA'!B48 -> SADIK GÜRBÜZ | C1: PERSONEL İZİN ÇİZELGESİ | J1: ANA SAYFA
A2: T.C.KİMLİK NO | B2: ='ANA SAYFA'!D48 -> 11155990832
A3: GÖREVİ | B3: ='ANA SAYFA'!C48 -> MUHASEBE MESLEK EL.
A4: İŞE GİRİŞ TARİHİ | B4: ='ANA SAYFA'!E48 -> 43617
A5: DOĞUM TARİHİ | B5: ='ANA SAYFA'!F48 -> 33248
A6: İZİN NEDENİ | B6: İZİNE ÇIKIŞ TARİHİ | C6: İZİNDEN DÖNÜŞ TARİHİ | D6: İZİNE ÇIKIŞ SAATİ | E6: İZİNDEN DÖNÜŞ SAATİ | F6: İZNİ KAZANDIĞI TARİH ARALIĞI | G6: SENELİK İZİN HAKKI TUTARI | H6: KULLANILAN İZİN TUTARI
B7: 43785 | C7: 43790 | D7: 0.33333333 | E7: 0.33333333 | F7: 28.01.19-28.01.20 | G7: 14 | H7: 4
B8: 43916 | C8: 43920 | D8: 0.33333333 | E8: 0.33333333 | F8: 28.01.20-28.01.21 | G8: 14 | H8: 3
B9: 43925 | C9: 43929 | D9: 0.33333333 | E9: 0.33333333 | F9: 28.01.21-28.01.22 | G9: 14 | H9: 3
B10: 44000 | C10: 45100 | D10: 0.33333333 | E10: 0.33333333 | F10: 28.01.22-28.01.23 | G10: 14 | H10: 4
B11: 44135 | C11: 44139 | D11: 0.33333333 | E11: 0.33333333 | F11: 28.01.23-28.01.24 | G11: 14 | H11: 3
B12: 44221 | C12: 44223 | D12: 0.33333333 | E12: 0.33333333 | F12: 28.01.24-28.01.25 | G12: 20 | H12: 2
B13: 44263 | C13: 44264 | D13: 0.33333333 | E13: 0.33333333 | H13: 1
B14: 44434 | C14: 44445 | D14: 0.33333333 | E14: 0.33333333 | H14: 8
B15: 44480 | C15: 44481 | D15: 0.33333333 | E15: 0.33333333 | H15: 1
B16: 44482 | C16: 44483 | D16: 0.33333333 | E16: 0.33333333 | H16: 1
B17: 44487 | C17: 44490 | D17: 0.33333333 | E17: 0.33333333 | H17: 3
B18: 44520 | C18: 44522 | D18: 0.33333333 | E18: 0.33333333 | H18: 1
B19: 44529 | C19: 44531 | D19: 0.5 | E19: 0.33333333 | H19: 1
B20: 44541 | C20: 44543 | D20: 0.33333333 | E20: 0.33333333 | H20: 1
B21: 44644 | C21: 44650 | D21: 0.33333333 | E21: 0.33333333 | H21: 5
B22: 44678 | C22: 44680 | D22: 0.33333333 | E22: 0.33333333 | H22: 2
B23: 44977 | C23: 44978 | D23: 0.33333333 | E23: 0.33333333 | H23: 1
B24: 45134 | C24: 45138 | D24: 0.33333333 | E24: 0.33333333 | H24: 3
B25: 45349 | C25: 45350 | D25: 0.33333333 | E25: 0.33333333 | H25: 1
B26: 45593 | C26: 45594 | D26: 0.33333333 | E26: 0.33333333 | H26: 1
B27: 45736 | C27: 45736 | D27: 0.33333333 | E27: 0.33333333 | H27: 1
B28: 46024 | C28: 46027 | H28: 1
B29: 46051 | C29: 46053 | H29: 2
B30: 46064 | C30: 46065 | H30: 1
B31: 46091 | C31: 46092 | D31: 0.54166667 | E31: 0.72916667 | H31: 0.5
B32: 46134 | C32: 46137 | H32: 3
B33: 46185 | C33: 46186 | H33: 1
F44: TOPLAMLAR | G44: =SUM(G7:G43) -> 90 | H44: =SUM(H7:H43) -> 54.5
F46: KALAN FARK(-/+) | H46: =G44-H44 -> 35.5

Sheet 48
A1: ADI SOYADI | B1: ='ANA SAYFA'!B49 -> SALİH YALÇINKAYA | C1: PERSONEL İZİN ÇİZELGESİ | J1: ANA SAYFA
A2: T.C.KİMLİK NO | B2: ='ANA SAYFA'!D49 -> 23128385866
A3: GÖREVİ | B3: ='ANA SAYFA'!C49 -> HARİTA TEKNİKERİ
A4: İŞE GİRİŞ TARİHİ | B4: ='ANA SAYFA'!E49 -> 44501
A5: DOĞUM TARİHİ | B5: ='ANA SAYFA'!F49 -> 34761
A6: İZİN NEDENİ | B6: İZİNE ÇIKIŞ TARİHİ | C6: İZİNDEN DÖNÜŞ TARİHİ | D6: İZİNE ÇIKIŞ SAATİ | E6: İZİNDEN DÖNÜŞ SAATİ | F6: İZNİ KAZANDIĞI TARİH ARALIĞI | G6: SENELİK İZİN HAKKI TUTARI | H6: KULLANILAN İZİN TUTARI | J6: 45597 | K6: YENİ İŞE GİRİŞİ YAPILDI KIDEMİ BURDAN BAŞLADI
B7: 44597 | C7: 44618 | D7: 0.33333333 | E7: 0.33333333 | F7: 01.11.21-01.11.22 | G7: 14 | H7: 15 | J7: 45596 | K7: KIDEM TAZMİNATINI ALDI
B8: 44946 | C8: 44949 | D8: 0.33333333 | E8: 0.33333333 | F8: 01.11.22-01.11.23 | G8: 14 | H8: 2
B9: 45101 | C9: 45110 | D9: 0.33333333 | E9: 0.33333333 | F9: 01.11.23-01.11.24 | G9: 14 | H9: 2
B10: 45269 | C10: 45272 | D10: 0.33333333 | E10: 0.33333333 | F10: 01.11.24-01.11.25 | G10: 14 | H10: 2
B11: 45283 | C11: 45285 | D11: 0.33333333 | E11: 0.33333333 | H11: 1
B12: 45324 | C12: 45327 | D12: 0.33333333 | E12: 0.33333333 | H12: 2
B13: 45667 | C13: 45668 | D13: 0.33333333 | E13: 0.33333333 | H13: 2
B14: 45700 | C14: 45705 | D14: 0.33333333 | E14: 0.33333333 | H14: 5
B15: 45749 | C15: 45749 | D15: 0.33333333 | E15: 0.33333333 | H15: 1
B17: 45895 | C17: 45902 | H17: 7
B18: 45997 | C18: 45997 | H18: 1 | J18: İMZASIZ
B19: 46062 | C19: 46069 | H19: 6 | J19: İMZASIZ
B20: 46198 | C20: 46204 | H20: 5
F45: TOPLAMLAR | G45: =SUM(G7:G44) -> 56 | H45: =SUM(H7:H39) -> 51
A46: 45596 | B46: TAZMİNATINI ALDI ARABULUCU YAPILDI
F47: KALAN FARK(-/+) | H47: =G45-H45 -> 5

Sheet 49
A1: ADI SOYADI | B1: ='ANA SAYFA'!B50 -> SAVAŞ KOTAN | C1: PERSONEL İZİN ÇİZELGESİ | J1: ANA SAYFA
A2: T.C.KİMLİK NO | B2: ='ANA SAYFA'!D50 -> 69631191006
A3: GÖREVİ | B3: ='ANA SAYFA'!C50 -> KAMYON ŞOFÖRÜ
A4: İŞE GİRİŞ TARİHİ | B4: ='ANA SAYFA'!E50 -> 44858
A5: DOĞUM TARİHİ | B5: ='ANA SAYFA'!F50 -> 33139
A6: İZİN NEDENİ | B6: İZİNE ÇIKIŞ TARİHİ | C6: İZİNDEN DÖNÜŞ TARİHİ | D6: İZİNE ÇIKIŞ SAATİ | E6: İZİNDEN DÖNÜŞ SAATİ | F6: İZNİ KAZANDIĞI TARİH ARALIĞI | G6: SENELİK İZİN HAKKI TUTARI | H6: KULLANILAN İZİN TUTARI
B7: 45035 | C7: 45040 | D7: 0.33333333 | E7: 0.33333333 | F7: 24.10.22-24.10.23 | G7: 14 | H7: 1
B8: 45099 | C8: 45110 | D8: 0.33333333 | E8: 0.33333333 | F8: 24.10.23-24.10.24 | G8: 14 | H8: 4
B9: 45127 | C9: 45129 | D9: 0.33333333 | E9: 0.33333333 | F9: 24.10.24-24.10.25 | G9: 14 | H9: 2
B10: 45212 | C10: 45222 | D10: 0.33333333 | E10: 0.33333333 | H10: 8
B11: 45232 | C11: 45233 | D11: 0.33333333 | E11: 0.33333333 | H11: 1
B12: 45285 | C12: 45287 | D12: 0.5 | E12: 0.33333333 | H12: 1.5
B13: 45318 | C13: 45321 | D13: 0.33333333 | E13: 0.33333333 | H13: 2
A14: İSMAİL BEY TARAFINDAN KENDİSİNE VERİLEN | H14: -3
A15: OCAK 2024 MAAŞINDAN YAPILAN KESİNTİ | H15: -2
B16: 45598 | C16: 45609 | D16: 0.33333333 | E16: 0.33333333 | H16: 10
B17: 45743 | C17: 45744 | D17: 0.33333333 | E17: 0.33333333 | H17: 2
B18: 45755 | C18: 45755 | D18: 0.33333333 | E18: 0.33333333 | H18: 1
B19: 45810 | C19: 45901 | D19: 0.33333333 | E19: 0.33333333 | H19: 3
B20: 45964 | C20: 45972 | D20: 0.33333333 | E20: 0.33333333 | H20: 7
B21: 46099 | C21: 46100 | H21: 1
B22: 46104 | C22: 46104 | D22: 0.33333333 | E22: 0.58333333 | H22: 0.5
B23: 46174 | C23: 46176 | H23: 2
F40: TOPLAMLAR | G40: =SUM(G7:G39) -> 42 | H40: =SUM(H7:H39) -> 41
F42: KALAN FARK(-/+) | H42: =G40-H40 -> 1

Sheet 50
A1: ADI SOYADI | B1: ='ANA SAYFA'!B51 -> SEYDİ SALTIK | C1: PERSONEL İZİN ÇİZELGESİ | J1: ANA SAYFA
A2: T.C.KİMLİK NO | B2: ='ANA SAYFA'!D51 -> 39109958622
A3: GÖREVİ | B3: ='ANA SAYFA'!C51 -> TIR-ÇEKİCİ ŞOFÖRÜ
A4: İŞE GİRİŞ TARİHİ | B4: ='ANA SAYFA'!E51 -> 43822
A5: DOĞUM TARİHİ | B5: ='ANA SAYFA'!F51 -> 23712
A6: İZİN NEDENİ | B6: İZİNE ÇIKIŞ TARİHİ | C6: İZİNDEN DÖNÜŞ TARİHİ | D6: İZİNE ÇIKIŞ SAATİ | E6: İZİNDEN DÖNÜŞ SAATİ | F6: İZNİ KAZANDIĞI TARİH ARALIĞI | G6: SENELİK İZİN HAKKI TUTARI | H6: KULLANILAN İZİN TUTARI | J6: 45443 | K6: e kadar KIDEM TAZMİNATINI ALDI
B7: 43858 | C7: 43859 | D7: 0.33333333 | E7: 0.33333333 | F7: 23.12.19-23.12.20 | G7: 20 | H7: 1
B8: 43868 | C8: 43872 | D8: 0.33333333 | E8: 0.33333333 | F8: 23.12.20-23.12.21 | G8: 20 | H8: 3
B9: 43904 | C9: 43907 | D9: 0.33333333 | E9: 0.33333333 | F9: 23.12.21-23.12.22 | G9: 20 | H9: 3
B10: 43948 | C10: 43953 | D10: 0.33333333 | E10: 0.33333333 | F10: 23.12.22-23.12.23 | G10: 20 | H10: 6
B11: 44041 | C11: 44048 | D11: 0.33333333 | E11: 0.33333333 | F11: 23.12.23-23.12.24 | G11: 20 | H11: 1
B12: 44088 | C12: 44090 | D12: 0.33333333 | E12: 0.33333333 | F12: 23.12.24-23.12.25 | G12: 20 | H12: 2
B13: 44179 | C13: 44184 | D13: 0.33333333 | E13: 0.33333333 | H13: 5
B14: 44242 | C14: 44245 | D14: 0.33333333 | E14: 0.33333333 | H14: 3
B15: 44266 | C15: 44268 | D15: 0.33333333 | E15: 0.33333333 | H15: 1
B16: 44288 | C16: 44293 | D16: 0.33333333 | E16: 0.45833333 | H16: 4.5
B17: 44333 | C17: 44334 | D17: 0.33333333 | E17: 0.33333333 | H17: 1
B18: 44380 | C18: 44384 | D18: 0.33333333 | E18: 0.33333333 | H18: 3
B19: 44443 | C19: 44447 | D19: 0.33333333 | E19: 0.33333333 | H19: 3
B20: 44501 | C20: 44502 | D20: 0.33333333 | E20: 0.33333333 | H20: 1
B21: 44536 | C21: 44550 | D21: 0.33333333 | E21: 0.33333333 | H21: 12
B22: 44645 | C22: 44655 | D22: 0.33333333 | E22: 0.33333333 | H22: 8
B23: 44747 | C23: 44756 | D23: 0.33333333 | E23: 0.33333333 | H23: 3
B24: 44781 | C24: 44783 | D24: 0.33333333 | E24: 0.33333333 | H24: 2
... B30: 45268 | C30: 45269 | D30: 0.33333333 | E30: 0.33333333 | H30: 1
B31: 45492 | C31: 45493 | D31: 0.33333333 | E31: 0.33333333 | H31: 2 | O31: 4 | P31: 45934
B32: 45502 | C32: 45514 | H32: 12 | O32: 6 | P32: 45936
A33: AĞUSTOS 2024 MAAŞINDAN YAPILAN KESİNTİ | H33: -15 | O33: 7 | P33: 45937
A34: EYLÜL 2024 MAAŞINDAN YAPILAN KESİNTİ | H34: -3 | O34: 8 | P34: 45938
B35: 45679 | C35: 45689 | D35: 0.33333333 | E35: 0.33333333 | H35: 10 | O35: 9 | P35: 45939
A36: arnavutköyden dönüş | B36: 45857 | C36: 45862 | D36: 0.33333333 | E36: 0.33333333 | H36: 4 | O36: 10 | P36: 45940
B37: 45934 | C37: 45940 | H37: 6
O38: 11 | P38: 45941
B39: 45941 | C39: 45961 | G39: 21 | H39: 21 | O39: 13 | P39: 45942
O40: 14 | P40: 45943
O41: 15 | P41: 45944
O42: 16 | P42: 45945
P43: 45946
P44: 45947
P45: 45948
P46: 45949
P47: 45950
F53: TOPLAMLAR | G53: =SUM(G7:G52) -> 141 | H53: =SUM(H7:H52) -> 121.5
F55: KALAN FARK(-/+) | H55: =G53-H53 -> 19.5

Sheet 51
A1: ADI SOYADI | B1: ='ANA SAYFA'!B52 -> MURAT TORUK | C1: PERSONEL İZİN ÇİZELGESİ | J1: ANA SAYFA
A2: T.C.KİMLİK NO | B2: ='ANA SAYFA'!D52 -> 29257710654
A3: GÖREVİ | B3: ='ANA SAYFA'!C52 -> TIR ÇEKİCİ ŞOFÖRÜ
A4: İŞE GİRİŞ TARİHİ | B4: ='ANA SAYFA'!E52 -> 45941
A5: DOĞUM TARİHİ | B5: ='ANA SAYFA'!F52 -> 29221
A6: İZİN NEDENİ | B6: İZİNE ÇIKIŞ TARİHİ | C6: İZİNDEN DÖNÜŞ TARİHİ | D6: İZİNE ÇIKIŞ SAATİ | E6: İZİNDEN DÖNÜŞ SAATİ | F6: İZNİ KAZANDIĞI TARİH ARALIĞI | G6: SENELİK İZİN HAKKI TUTARI | H6: KULLANILAN İZİN TUTARI
B7: 46174 | C7: 46176 | H7: 2
F91: TOPLAMLAR | G91: =SUM(G8:G90) -> 0 | H91: =SUM(H7:H90) -> 2
F93: KALAN FARK(-/+) | H93: =G91-H91 -> -2

Sheet 52
A1: ADI SOYADI | B1: ='ANA SAYFA'!B55 -> ÇETİN KARABALÇIK | C1: PERSONEL İZİN ÇİZELGESİ | J1: ANA SAYFA
A2: T.C.KİMLİK NO | B2: ='ANA SAYFA'!D55 -> 50461681348
A3: GÖREVİ | B3: ='ANA SAYFA'!C55 -> TIR ŞOFÖRÜ
A4: İŞE GİRİŞ TARİHİ | B4: ='ANA SAYFA'!E55 -> 45773
A5: DOĞUM TARİHİ | B5: ='ANA SAYFA'!F55 -> 33010
A6: İZİN NEDENİ | B6: İZİNE ÇIKIŞ TARİHİ | C6: İZİNDEN DÖNÜŞ TARİHİ | D6: İZİNE ÇIKIŞ SAATİ | E6: İZİNDEN DÖNÜŞ SAATİ | F6: İZNİ KAZANDIĞI TARİH ARALIĞI | G6: SENELİK İZİN HAKKI TUTARI | H6: KULLANILAN İZİN TUTARI
B7: 45812 | C7: 45812 | D7: 0.33333333 | E7: 0.75 | F7: 26.04.2025-26.04.2026 | G7: 14 | H7: 1
B8: 45971 | C8: 45976 | H8: 5
B9: 46174 | C9: 46175 | H9: 1
F35: TOPLAMLAR | G35: =SUM(G7:G34) -> 14 | H35: =SUM(H7:H34) -> 7
F37: KALAN FARK(-/+) | H37: =G35-H35 -> 7

Sheet 53
A1: ADI SOYADI | B1: SONER CANDEMİR | C1: PERSONEL İZİN ÇİZELGESİ | J1: ANA SAYFA
A2: T.C.KİMLİK NO | B2: 47833202324
A3: GÖREVİ | B3: OPERATÖR
A4: İŞE GİRİŞ TARİHİ | B4: 44014
A5: DOĞUM TARİHİ | B5: 25419
A6: İZİN NEDENİ | B6: İZİNE ÇIKIŞ TARİHİ | C6: İZİNDEN DÖNÜŞ TARİHİ | D6: İZİNE ÇIKIŞ SAATİ | E6: İZİNDEN DÖNÜŞ SAATİ | F6: İZNİ KAZANDIĞI TARİH ARALIĞI | G6: SENELİK İZİN HAKKI TUTARI | H6: KULLANILAN İZİN TUTARI
B7: 44209 | C7: 44210 | D7: 0.45833333 | E7: 0.33333333 | F7: 02.07.20-02.07.21 | G7: 20 | H7: 0.5
B8: 44212 | C8: 44213 | D8: 0.33333333 | E8: 0.33333333 | F8: 02.07.21-02.07.22 | G8: 20 | H8: 1
B9: 44244 | C9: 44249 | D9: 0.33333333 | E9: 08.00 | F9: 02.07.22-02.07.23 | G9: 20 | H9: 4
B10: 44383 | C10: 44384 | D10: 0.625 | E10: 0.33333333 | F10: 02.07.23-02.07.24 | G10: 20 | H10: 0.5
B11: 44755 | C11: 44767 | D11: 0.33333333 | E11: 0.33333333 | F11: 02.07.24-02.07.25 | G11: 20 | H11: 9
B12: 45085 | C12: 45086 | D12: 0.33333333 | E12: 0.33333333 | H12: 1
B13: 45103 | C13: 45110 | D13: 0.33333333 | E13: 0.33333333 | H13: 1
B14: 45204 | C14: 45205 | D14: 0.33333333 | E14: 0.33333333 | H14: 1
B15: 45222 | C15: 45224 | D15: 0.33333333 | E15: 0.33333333 | H15: 2
B16: 25.04.2024 PERŞEMBE | C16: 25.04.2024 PERŞEMBE | D16: 0.33333333 | E16: 0.33333333 | H16: 1
B17: 05.06.2024 Çarşamba | C17: 20.06.2024 Perşembe | D17: 0.33333333 | E17: 0.33333333 | H17: 9
B18: 45514 | C18: 45535 | D18: 0.33333333 | E18: 0.33333333 | H18: 18
B19: 46018 | C19: 46030 | H19: 10
B20: 46104 | C20: 46108 | H20: 4
B21: 46134 | C21: 46174 | H21: 29
F39: TOPLAMLAR | G39: =SUM(G7:G38) -> 100 | H39: =SUM(H7:H38) -> 91
F41: KALAN FARK(-/+) | H41: =G39-H39 -> 9

Sheet 54
A1: ADI SOYADI | B1: ='ANA SAYFA'!B54 -> SÜREYYA ERTAŞ | C1: PERSONEL İZİN ÇİZELGESİ | J1: ANA SAYFA
A2: T.C.KİMLİK NO | B2: ='ANA SAYFA'!D54 -> 33152143462
A3: GÖREVİ | B3: ='ANA SAYFA'!C54 -> TIR ŞOFÖRÜ
A4: İŞE GİRİŞ TARİHİ | B4: ='ANA SAYFA'!E54 -> 41520
A5: DOĞUM TARİHİ | B5: ='ANA SAYFA'!F54 -> 25882
A6: İZİN NEDENİ | B6: İZİNE ÇIKIŞ TARİHİ | C6: İZİNDEN DÖNÜŞ TARİHİ | D6: İZİNE ÇIKIŞ SAATİ | E6: İZİNDEN DÖNÜŞ SAATİ | F6: İZNİ KAZANDIĞI TARİH ARALIĞI | G6: SENELİK İZİN HAKKI TUTARI | H6: KULLANILAN İZİN TUTARI
B7: 41530 | C7: 41532 | D7: 0.3125 | E7: 0.3125 | F7: 03.09.13-03.09.14 | G7: 14 | H7: 2
B8: 41619 | C8: 41624 | D8: 0.45833333 | E8: 0.33333333 | F8: 03.09.14-03.09.15 | G8: 14 | H8: 5
B9: 41669 | C9: 41670 | D9: 0.33333333 | E9: 0.33333333 | F9: 03.09.15-03.09.16 | G9: 14 | H9: 1
B10: 41683 | C10: 41683 | D10: 0.33333333 | E10: 0.5 | F10: 03.09.16-03.09.17 | G10: 14 | H10: 0.5
B11: 41692 | C11: 41692 | D11: 0.33333333 | E11: 0.54166667 | F11: 03.09.17-03.09.18 | G11: 14 | H11: 0.5
B12: 41708 | C12: 41711 | D12: 0.33333333 | E12: 0.3125 | F12: 03.09.18-03.09.19 | G12: 20 | H12: 3
B13: 41718 | C13: 41719 | D13: 0.54166667 | E13: 0.3125 | F13: 03.09.19-03.09.20 | G13: 20 | H13: 0.5
B14: 41765 | C14: 41766 | D14: 0.52083333 | E14: 0.3125 | F14: 03.09.20-03.09.21 | G14: 20 | H14: 0.5
B15: 41768 | C15: 41769 | D15: 0.60763889 | E15: 0.33333333 | F15: 03.09.21-03.09.22 | G15: 20 | H15: 0.5
B16: 41821 | C16: 41823 | D16: 0.75 | E16: 0.33333333 | F16: 03.09.22-03.09.23 | G16: 20 | H16: 1
B17: 41844 | C17: 41848 | D17: 0.33333333 | E17: 0.33333333 | F17: 03.09.23-03.09-24 | G17: 20 | H17: 3
B18: 41865 | C18: 41866 | D18: 0.39583333 | E18: 0.3125 | F18: 03.09.24-03.09-25 | G18: 20 | H18: 1
B19: 41895 | C19: 41897 | D19: 0.5 | E19: 0.33333333 | H19: 0.5
B20: 42034 | C20: 42034 | D20: 0.33333333 | E20: 0.5 | H20: 0.5
B21: 42103 | C21: 42104 | D21: 0.45833333 | E21: 0.33333333 | H21: 0.5
B22: 42156 | C22: 42158 | D22: 0.75 | E22: 0.33333333 | H22: 1
B23: 42164 | C23: 42165 | D23: 0.52708333 | E23: 0.3125 | H23: 0.5
B24: 42191 | C24: 42191 | D24: 0.33333333 | E24: 0.52361111 | H24: 0.5
B25: 42408 | C25: 42409 | D25: 0.33333333 | E25: 0.33333333 | H25: 1
B26: 42497 | C26: 42499 | D26: 0.53541667 | E26: 0.3125 | H26: 0.5
B27: 42538 | C27: 42539 | D27: 0.33333333 | E27: 0.33333333 | H27: 1
B28: 42588 | C28: 42588 | D28: 0.33333333 | E28: 0.33333333 | H28: 1
B29: 42611 | C29: 42614 | D29: 0.33333333 | E29: 0.5 | H29: 3.5
B30: 42658 | C30: 42658 | D30: 0.33333333 | E30: 0.5 | H30: 0.5
... B93: 45343 | C93: 45348 | D93: 0.33333333 | E93: 0.33333333 | H93: 4
B94: 26.03.2024 SALI | C94: 27.03.2024 ÇARŞAMBA | D94: 0.33333333 | E94: 0.33333333 | H94: 2
B95: 28.03.2024 ÇARŞAMBA | C95: 28.03.2024 ÇARŞAMBA | D95: 0.33333333 | E95: 0.33333333 | H95: 1
B96: 45801 | C96: 45801 | D96: 0.5 | E96: 0.33333333 | H96: 0.5
B97: 31.05.2024 Cuma | C97: 03.06.2024 Pazartesi | D97: 0.33333333 | E97: 0.33333333 | H97: 1
B98: 45477 | C98: 45477 | D98: 0.33333333 | E98: 0.33333333 | H98: 1
B99: 45500 | C99: 45500 | D99: 0.33333333 | E99: 0.33333333 | H99: 1
B100: 45534 | C100: 45542 | D100: 0.33333333 | E100: 0.33333333 | H100: 8
B101: 45544 | C101: 45544 | D101: 0.33333333 | E101: 0.33333333 | H101: 1
B102: 45580 | C102: 45580 | D102: 0.33333333 | E102: 0.33333333 | H102: 1
B103: 45603 | C103: 45623 | D103: 0.5 | E103: 0.33333333 | H103: 0.5
B104: 45604 | C104: 45989 | D104: 0.5 | E104: 0.33333333 | H104: 0.5
B105: 45621 | C105: 45621 | D105: 0.5 | E105: 0.33333333 | H105: 0.5
B106: 45755 | C106: 45755 | D106: 0.33333333 | E106: 0.33333333 | H106: 1
B107: 28 nisan 2025 Pazartesi | C107: 28 nisan 2025 Pazartesi | D107: 0.54166667 | E107: 0.75 | H107: 0.5
B108: 2 Mayıs 2025 Cuma | C108: 3 mayıs 2025 Cumartesi | D108: 0.33333333 | E108: 0.33333333 | H108: 2
B109: 45854 | C109: 45854 | D109: 0.33333333 | E109: 0.33333333 | H109: 1
B110: 45866 | C110: 45866 | D110: 0.33333333 | E110: 0.33333333 | H110: 1
B111: 45874 | C111: 45876 | D111: 0.33333333 | E111: 0.33333333 | H111: 2
B112: 45894 | C112: 45908 | D112: 0.33333333 | E112: 0.33333333 | H112: 11
B113: 45978 | C113: 45979 | H113: 1
B114: 46029 | C114: 46034 | H114: 4
B115: 46097 | C115: 46098 | H115: 1
B116: 46118 | C116: 46119 | H116: 1
B117: 46188 | C117: 46189 | H117: 1
F118: TOPLAMLAR | G118: =SUM(G7:G114) -> 210 | H118: =SUM(H7:H117) -> 198
F120: KALAN FARK(-/+) | H120: =G118-H118 -> 12

Sheet 55
A1: ADI SOYADI | B1: ='ANA SAYFA'!B56 -> ŞEYHMUS ARMAĞAN | C1: PERSONEL İZİN ÇİZELGESİ | J1: ANA SAYFA
A2: T.C.KİMLİK NO | B2: ='ANA SAYFA'!D56 -> 24184712290
A3: GÖREVİ | B3: ='ANA SAYFA'!C56 -> OPERATÖR
A4: İŞE GİRİŞ TARİHİ | B4: ='ANA SAYFA'!E56 -> 43126
A5: DOĞUM TARİHİ | B5: ='ANA SAYFA'!F56 -> 26816
A6: İZİN NEDENİ | B6: İZİNE ÇIKIŞ TARİHİ | C6: İZİNDEN DÖNÜŞ TARİHİ | D6: İZİNE ÇIKIŞ SAATİ | E6: İZİNDEN DÖNÜŞ SAATİ | F6: İZNİ KAZANDIĞI TARİH ARALIĞI | G6: SENELİK İZİN HAKKI TUTARI | H6: KULLANILAN İZİN TUTARI
B7: 43445 | C7: 43452 | D7: 0.33333333 | E7: 0.33333333 | F7: 26.01.18-26.01.19 | G7: 14 | H7: 6
B8: 43577 | C8: 43579 | D8: 0.33333333 | E8: 0.33333333 | F8: 26.01.19-26.01.20 | G8: 14 | H8: 1
B9: 43679 | C9: 43686 | D9: 0.33333333 | E9: 0.33333333 | F9: 26.01.20-26.01.21 | G9: 14 | H9: 6
B10: 43768 | C10: 43779 | D10: 0.33333333 | E10: 0.33333333 | F10: 26.01.21-26.01.22 | G10: 14 | H10: 9
B11: 44088 | C11: 44089 | D11: 0.33333333 | E11: 0.33333333 | F11: 26.01.22-26.01.23 | G11: 20 | H11: 1
B12: 44260 | C12: 44261 | D12: 0.33333333 | E12: 0.33333333 | F12: 26.01.23-26.01.24 | G12: 20 | H12: 1
B13: 44442 | C13: 44443 | D13: 0.33333333 | E13: 0.33333333 | F13: 26.01.24-26.01.25 | G13: 20 | H13: 1
B14: 44478 | C14: 44480 | D14: 0.54166667 | E14: 0.33333333 | H14: 0.5
B15: 44622 | C15: 44622 | D15: 0.52083333 | E15: 0.75 | H15: 0.5
B16: 44687 | C16: 44687 | D16: 0.54166667 | E16: 0.75 | H16: 0.5
B17: 44750 | C17: 44760 | D17: 0.33333333 | E17: 0.33333333 | H17: 3
B18: 44727 | C18: 44728 | D18: 0.54166667 | E18: 0.33333333 | H18: 0.5
B19: 44538 | C19: 44539 | D19: 0.33333333 | E19: 0.33333333 | H19: 1
B20: 44762 | C20: 44762 | D20: 0.54166667 | E20: 0.75 | H20: 0.5
B21: 44765 | C21: 44766 | D21: 0.33333333 | E21: 0.33333333 | H21: 1
B22: 44825 | C22: 44831 | D22: 0.33333333 | E22: 0.33333333 | H22: 5
B23: 45034 | C23: 45043 | D23: 0.33333333 | E23: 0.33333333 | H23: 5
F37: TOPLAMLAR | G37: =SUM(G7:G36) -> 116 | H37: =SUM(H7:H36) -> 42.5
F39: KALAN FARK(-/+) | H39: =G37-H37 -> 73.5

Sheet 56
A1: ADI SOYADI | B1: ='ANA SAYFA'!B57 -> TALAT DOĞAN | C1: PERSONEL İZİN ÇİZELGESİ | J1: ANA SAYFA
A2: T.C.KİMLİK NO | B2: ='ANA SAYFA'!D57 -> 52666707212
A3: GÖREVİ | B3: ='ANA SAYFA'!C57 -> KAMYON ŞOFÖRÜ
A4: İŞE GİRİŞ TARİHİ | B4: ='ANA SAYFA'!E57 -> 44454
A5: DOĞUM TARİHİ | B5: ='ANA SAYFA'!F57 -> 24770
A6: İZİN NEDENİ | B6: İZİNE ÇIKIŞ TARİHİ | C6: İZİNDEN DÖNÜŞ TARİHİ | D6: İZİNE ÇIKIŞ SAATİ | E6: İZİNDEN DÖNÜŞ SAATİ | F6: İZNİ KAZANDIĞI TARİH ARALIĞI | G6: SENELİK İZİN HAKKI TUTARI | H6: KULLANILAN İZİN TUTARI
B7: 44637 | C7: 44648 | F7: 15.09.21-15.09.22 | G7: 20 | H7: 9
B8: 44680 | C8: 44690 | F8: 15.09.22-15.09.23 | G8: 20 | H8: 5
B9: 44713 | C9: 44718 | F9: 15.09.23-15.09.24 | G9: 20 | H9: 4
B10: 44736 | C10: 44736 | F10: 15.09.24-15.09.25 | G10: 20 | H10: 1
B11: 44830 | C11: 44832 | H11: 2
B12: 44905 | C12: 44907 | H12: 1
B13: 44919 | C13: 44920 | H13: 1
B14: 44979 | C14: 44982 | H14: 3
B15: 45020 | C15: 45021 | H15: 1
B16: 45059 | C16: 45060 | H16: 1
B17: 45101 | C17: 45110 | D17: 0.33333333 | E17: 0.33333333 | H17: 2
B18: 45203 | C18: 45209 | D18: 0.33333333 | E18: 0.33333333 | H18: 5
B19: 45257 | C19: 45258 | D19: 0.33333333 | E19: 0.33333333 | H19: 1
B20: 45287 | C20: 45288 | D20: 0.33333333 | E20: 0.33333333 | H20: 1
B21: 45351 | C21: 45353 | D21: 0.33333333 | E21: 0.33333333 | H21: 2
B22: 08.04.2024 PAZARTESİ | C22: 08.04.2024 PAZARTESİ | D22: 0.33333333 | E22: 0.33333333 | H22: 1
B23: 45525 | C23: 45530 | H23: 5
B24: 45554 | C24: 45554 | H24: 1
B25: 45595 | C25: 45595 | H25: 1
B26: 45608 | C26: 45608 | H26: 1 | K26: 31/10/2024 KIDEM TAZMİNATI VERİLDİ
B27: 45637 | C27: 45637 | H27: 1 | K27: YENİ KIDEM BAŞLANGICI 01/11/2024
B28: 1 OCAK MESAİSİ YERİNE 1 GÜNLÜK İZİN | G28: 1
B29: 45673 | C29: 45674 | H29: 2
B30: 45692 | C30: 45693 | H30: 2
B31: 45784 | C31: 45785 | H31: 2
B32: 45854 | C32: 45856 | H32: 3
B33: 45966 | C33: 45968 | H33: 2
B34: 46001 | C34: 46002 | H34: 1
B35: 46015 | C35: 46016 | H35: 2
B36: 46043 | C36: 46045 | H36: 2
B37: 46098 | C37: 46104 | H37: 2
F46: TOPLAMLAR | G46: =SUM(G5:G45) -> 81 | H46: =SUM(H7:H45) -> 67
F48: KALAN FARK(-/+) | H48: =G46-H46 -> 14
A50: 45596 | B50: TAZMİNATINI ALDI ARABULUCU YAPILDI
A51: 45597 | B51: YENİ İŞE GİRİŞ

Sheet 57
A1: ADI SOYADI 4 | B1: ='ANA SAYFA'!B58 -> TUNCAY ELİÇİN | C1: PERSONEL İZİN ÇİZELGESİ | J1: ANA SAYFA
A2: T.C.KİMLİK NO | B2: ='ANA SAYFA'!D58 -> 46114287272
A3: GÖREVİ | B3: ='ANA SAYFA'!C58 -> GREYDER OPERATÖRÜ
A4: İŞE GİRİŞ TARİHİ | B4: ='ANA SAYFA'!E58 -> 44860
A5: DOĞUM TARİHİ | B5: ='ANA SAYFA'!F58 -> 22556
A6: İZİN NEDENİ | B6: İZİNE ÇIKIŞ TARİHİ | C6: İZİNDEN DÖNÜŞ TARİHİ | D6: İZİNE ÇIKIŞ SAATİ | E6: İZİNDEN DÖNÜŞ SAATİ | F6: İZNİ KAZANDIĞI TARİH ARALIĞI | G6: SENELİK İZİN HAKKI TUTARI | H6: KULLANILAN İZİN TUTARI
B7: 44879 | C7: 44880 | D7: 0.33333333 | E7: 0.33333333 | F7: 26.10.22-26.10.23 | G7: 20 | H7: 1
B8: 44967 | C8: 44971 | D8: 0.5 | E8: 0.33333333 | F8: 26.10.23-26.10.24 | G8: 20 | H8: 2.5
B9: 45026 | C9: 45027 | D9: 0.33333333 | E9: 0.33333333 | F9: 26.10.24-26.10.25 | G9: 20 | H9: 1
B10: 45040 | C10: 45043 | D10: 0.33333333 | E10: 0.33333333 | H10: 3
B11: 45100 | C11: 45110 | D11: 0.33333333 | E11: 0.33333333 | H11: 3
B12: 45110 | C12: 45111 | D12: 0.33333333 | E12: 0.33333333 | H12: 1
A13: eşi ameliyat oldu. | B13: 45124 | C13: 45140 | D13: 0.33333333 | E13: 0.33333333 | H13: 14
B14: 45195 | C14: 45198 | D14: 0.33333333 | E14: 0.33333333 | H14: 3
B15: 45210 | C15: 45218 | D15: 0.33333333 | E15: 0.33333333 | H15: 7
B16: 45243 | C16: 45244 | D16: 0.33333333 | E16: 0.33333333 | H16: 1
B17: 45268 | C17: 45271 | D17: 0.33333333 | E17: 0.33333333 | H17: 2
B18: 45288 | C18: 44929 | D18: 0.33333333 | E18: 0.33333333 | H18: 3
B19: 45311 | C19: 45313 | D19: 0.33333333 | E19: 0.33333333 | H19: 1
B20: 45324 | C20: 45327 | D20: 0.33333333 | E20: 0.33333333 | H20: 2
A21: OCAK 2024 MAAŞINDAN YAPILAN KESİNTİ | H21: -3
B22: 02.04.2024 SALI | C22: 02.04.2024 SALI | D22: 0.33333333 | E22: 0.33333333 | H22: 1
B23: 15.05.2024 ÇARŞAMBA | C23: 20.05.2024 PAZARTESİ | H23: 4
B24: 45463 | C24: 45465 | H24: 3
B25: 45534 | C25: 45535 | H25: 2
B26: 45556 | C26: 45556 | H26: 1
A27: EYLÜL 2024 MAAŞINDAN YAPILAN KESİNTİ | H27: -5
A28: EKİM 2024 MAAŞINDAN YAPILAN KESİNTİ | H28: -3
A29: ARALIK 2024 MAAŞINDAN YAPILAN KESİNTİ | H29: -2
B30: 45686 | C30: 45689 | H30: 4
A31: OCAK 2025 MAAŞINDAN YAPILAN KESİNTİ | H31: -2
A32: ŞUBAT 2025 MAAŞINDAN YAPILAN KESİNTİ | H32: -2
A33: MART 2025 MAAŞINDAN YAPILAN KESİNTİ | H33: -2
B34: 45793 | C34: 45794 | H34: 1
A35: MAYIS 2025 MAAŞINDAN YAPILAN KESİNTİ | H35: -1
B36: 45852 | C36: 45866 | D36: 0.33333333 | E36: 0.33333333 | H36: 11
B37: 45961 | C37: 45964 | H37: 2
B38: 45981 | C38: 45986 | H38: 4
B39: 46008 | C39: 46013 | H39: 4
B40: 46036 | C40: 46037 | H40: 1
B41: 46104 | C41: 46105 | H41: 1
B42: 46174 | C42: 46175 | H42: 1
F47: TOPLAMLAR | G47: =SUM(G5:G46) -> 60 | H47: =SUM(H7:H46) -> 64.5
F49: KALAN FARK(-/+) | H49: =G47-H47 -> -4.5

Sheet 58
A1: ADI SOYADI | B1: ='ANA SAYFA'!B59 -> VURAL PAPAKÇI | C1: PERSONEL İZİN ÇİZELGESİ | J1: ANA SAYFA
A2: T.C.KİMLİK NO | B2: ='ANA SAYFA'!D59 -> 14822550636
A3: GÖREVİ | B3: ='ANA SAYFA'!C59 -> SİLİNDİR OPERATÖR
A4: İŞE GİRİŞ TARİHİ | B4: ='ANA SAYFA'!E59 -> 44648
A5: DOĞUM TARİHİ | B5: ='ANA SAYFA'!F59 -> 33336
A6: İZİN NEDENİ | B6: İZİNE ÇIKIŞ TARİHİ | C6: İZİNDEN DÖNÜŞ TARİHİ | D6: İZİNE ÇIKIŞ SAATİ | E6: İZİNDEN DÖNÜŞ SAATİ | F6: İZNİ KAZANDIĞI TARİH ARALIĞI | G6: SENELİK İZİN HAKKI TUTARI | H6: KULLANILAN İZİN TUTARI
B7: 44723 | C7: 44723 | D7: 0.33333333 | E7: 0.33333333 | F7: 28.03.22-28.03.23 | G7: 14 | H7: 1
B8: 45103 | C8: 45110 | D8: 0.33333333 | E8: 0.33333333 | F8: 28.03.23-28.03.24 | G8: 14 | H8: 1
B9: 45185 | C9: 45187 | D9: 0.33333333 | E9: 0.33333333 | F9: 28.03.24-28.03.25 | G9: 14 | H9: 1
B10: 45234 | C10: 45236 | D10: 0.33333333 | E10: 0.33333333 | F10: 28.03.25-28.03.26 | G10: 14 | H10: 1
B11: 45283 | C11: 45285 | D11: 0.33333333 | E11: 0.33333333 | H11: 1
B12: 45303 | C12: 45307 | D12: 800 | E12: 0.33333333 | H12: 3
B13: 45332 | C13: 45334 | D13: 0.33333333 | E13: 0.33333333 | H13: 1
B14: 45358 | C14: 45364 | D14: 0.33333333 | E14: 0.33333333 | H14: 5
B15: 18 Mart 2024 Cumartesi | C15: 18 Mart Cumartesi 2024 | D15: 0.33333333 | E15: 0.33333333 | H15: 1
B16: 45457 | C16: 45457 | D16: 0.33333333 | E16: 0.33333333 | H16: 1
B17: 45562 | C17: 45563 | D17: 0.33333333 | E17: 0.33333333 | H17: 2
B18: 45626 | C18: 45626 | D18: 0.33333333 | E18: 0.33333333 | H18: 1
B19: 45640 | C19: 45640 | D19: 0.33333333 | E19: 0.33333333 | H19: 1
B20: 45730 | C20: 45731 | D20: 0.33333333 | E20: 0.33333333 | H20: 2
B21: 45812 | C21: 45813 | D21: 0.33333333 | E21: 0.33333333 | H21: 1
B22: 45831 | C22: 45833 | D22: 0.33333333 | E22: 0.33333333 | H22: 3
B23: 45948 | C23: 45949 | D23: 0.33333333 | E23: 0.33333333 | H23: 1
B24: 45981 | C24: 45982 | D24: 0.33333333 | E24: 0.33333333 | H24: 1
B25: 46165 | C25: 46174 | H25: 2
F41: TOPLAMLAR | G41: =SUM(G5:G40) -> 56 | H41: =SUM(H7:H40) -> 30
F43: KALAN FARK(-/+) | H43: =G41-H41 -> 26

Sheet 59
A1: ADI SOYADI | B1: ='ANA SAYFA'!B60 -> YAŞAR SEZGİN | C1: PERSONEL İZİN ÇİZELGESİ | J1: ANA SAYFA
A2: T.C.KİMLİK NO | B2: ='ANA SAYFA'!D60 -> 14789073346
A3: GÖREVİ | B3: ='ANA SAYFA'!C60 -> KAMYON ŞOFÖRÜ
A4: İŞE GİRİŞ TARİHİ | B4: ='ANA SAYFA'!E60 -> 43986
A5: DOĞUM TARİHİ | B5: ='ANA SAYFA'!F60 -> 27369
A6: İZİN NEDENİ | B6: İZİNE ÇIKIŞ TARİHİ | C6: İZİNDEN DÖNÜŞ TARİHİ | D6: İZİNE ÇIKIŞ SAATİ | E6: İZİNDEN DÖNÜŞ SAATİ | F6: İZNİ KAZANDIĞI TARİH ARALIĞI | G6: SENELİK İZİN HAKKI TUTARI | H6: KULLANILAN İZİN TUTARI
B7: 44040 | C7: 44047 | D7: 0.33333333 | E7: 0.33333333 | F7: 04.06.20-04.06.21 | G7: 14 | H7: 2
B8: 44100 | C8: 44104 | D8: 0.33333333 | E8: 0.33333333 | F8: 04.06.21-04.06.22 | G8: 14 | H8: 2.5
B9: 44182 | C9: 44187 | D9: 0.54166667 | E9: 0.33333333 | F9: 04.06.22-04.06.23 | G9: 14 | H9: 4.5 | K9: 45504 | L9: ekadar kıdem tazminatını almıştı
B10: 44207 | C10: 44210 | D10: 0.33333333 | E10: 15.00 | F10: 04.06.23-04.06.24 | G10: 14 | H10: 4
B11: 44242 | C11: 44245 | D11: 0.33333333 | E11: 0.33333333 | F11: 04.06.24-04.06.25 | G11: 20 | H11: 3
B12: 44326 | C12: 44327 | D12: 0.33333333 | E12: 0.33333333 | F12: 04.06.25-04.06.26 | G12: 20 | H12: 2
B13: 44395 | C13: 44405 | D13: 0.33333333 | E13: 0.33333333 | H13: 2
B14: 44445 | C14: 44448 | D14: 0.33333333 | E14: 0.33333333 | H14: 3
B15: 44470 | C15: 44474 | D15: 0.33333333 | E15: 0.33333333 | H15: 3
B16: 44520 | C16: 44520 | D16: 0.33333333 | E16: 0.75 | H16: 1
B17: 44747 | C17: 44760 | D17: 0.33333333 | E17: 0.33333333 | H17: 6
B18: 45045 | C18: 45047 | D18: 0.33333333 | E18: 0.33333333 | H18: 1
B19: 45100 | C19: 45110 | D19: 0.33333333 | E19: 0.33333333 | H19: 3
B20: 45159 | C20: 45161 | D20: 0.33333333 | E20: 0.33333333 | H20: 2
B21: 45269 | C21: 45271 | D21: 0.33333333 | E21: 0.33333333 | H21: 1
B22: 04.05.2024 CUMARTESİ | C22: 04.05.2024 CUMARTESİ | D22: 0.33333333 | E22: 0.33333333 | H22: 1
B23: 01.04.2024 PAZARTESİ | C23: 01.04.2024 PAZARTESİ | D23: 0.33333333 | E23: 0.33333333 | H23: 1
B24: 45677 | C24: 45682 | D24: 0.33333333 | E24: 0.33333333 | H24: 6
B25: 45744 | C25: 45744 | D25: 0.5 | E25: 0.33333333 | H25: 0.5
B26: 45810 | C26: 45812 | D26: 0.33333333 | E26: 0.33333333 | H26: 3
B27: 45875 | C27: 45876 | D27: 0.33333333 | E27: 0.33333333 | H27: 1
B28: 45989 | C28: 45992 | D28: 0.33333333 | E28: 0.33333333 | H28: 2
B29: 46002 | C29: 46003 | D29: 0.33333333 | E29: 0.33333333 | H29: 1
B30: 46097 | C30: 46098 | D30: 0.33333333 | E30: 0.33333333 | H30: 1
B31: 46099 | C31: 46100 | D31: 0.33333333 | E31: 0.33333333 | H31: 1
B32: 46150 | C32: 46181 | D32: 0.33333333 | E32: 0.33333333 | H32: 20 | J32: KALP KRİZİ
F43: TOPLAMLAR | G43: =SUM(G7:G42) -> 96 | H43: =SUM(H7:H42) -> 77.5
F45: KALAN FARK(-/+) | H45: =G43-H43 -> 18.5 | J45: 18.5 | K45: GÜN | L45: =+J45*L46 -> 41933.333
J46: 1 | K46: GÜN | L46: =68000/30 -> 2266.6667
J47: 8 | K47: GÜN | L47: =+L46*8 -> 18133.333

Sheet 60
A1: ADI SOYADI | B1: ='ANA SAYFA'!B61 -> MUSTAFA KIRCA | C1: PERSONEL İZİN ÇİZELGESİ | J1: ANA SAYFA
A2: T.C.KİMLİK NO | B2: ='ANA SAYFA'!D61 -> 43642203026
A3: GÖREVİ | B3: ='ANA SAYFA'!C61 -> EKSKAVATÖR OPERATÖR
A4: İŞE GİRİŞ TARİHİ | B4: ='ANA SAYFA'!E61 -> 45208
A5: DOĞUM TARİHİ | B5: ='ANA SAYFA'!F61 -> 26359
A6: İZİN NEDENİ | B6: İZİNE ÇIKIŞ TARİHİ | C6: İZİNDEN DÖNÜŞ TARİHİ | D6: İZİNE ÇIKIŞ SAATİ | E6: İZİNDEN DÖNÜŞ SAATİ | F6: İZNİ KAZANDIĞI TARİH ARALIĞI | G6: SENELİK İZİN HAKKI TUTARI | H6: KULLANILAN İZİN TUTARI
B7: 45218 | C7: 45219 | D7: 0.33333333 | E7: 0.33333333 | F7: 09.10.23-09.10.24 | G7: 20 | H7: 1
B8: 45258 | C8: 45259 | D8: 0.54166667 | E8: 0.33333333 | F8: 09.10.24-09.10.25 | G8: 20 | H8: 0.5
B9: OCAK 2024 MAAŞINDAN YAPILAN KESİNTİ | H9: -1
B10: 28.03.2024 PERŞEMBE | C10: 28.03.2024 PERŞEMBE | D10: 0.33333333 | E10: 0.33333333 | H10: 1
B11: 27.05.2024 PAZARTESİ | C11: 28.05.2024 SALI | H11: 2
B12: 45495 | C12: 45495 | H12: 1
B13: 45510 | C13: 45512 | H13: 3
B14: 45513 | C14: 45513 | H14: 1
B15: 45759 | C15: 45759 | H15: 1
B16: 45768 | C16: 45768 | H16: 1
B17: 45822 | C17: 45822 | H17: 1
B18: 45825 | C18: 45825 | H18: 1
B19: 45826 | C19: 45829 | H19: 4
B20: 45832 | C20: 45832 | H20: 1
B21: 45838 | C21: 45838 | H21: 1
B22: 45971 | C22: 45973 | H22: 2
B23: 45978 | C23: 45980 | H23: 3
... B27: 46164 | C27: 46175 | H27: 4
A28: GÖZALTI | B28: 46177 | C28: 46180 | H28: 3
B29: 46195 | C29: 46197 | H29: 2
F34: TOPLAMLAR | G34: =SUM(G5:G33) -> 40 | H34: =SUM(H7:H33) -> 36.5
F36: KALAN FARK(-/+) | H36: =G34-H34 -> 3.5

Sheet 61
A1: ADI SOYADI | B1: ='ANA SAYFA'!B62 -> EROL MASALCI | C1: PERSONEL İZİN ÇİZELGESİ | J1: ANA SAYFA
A2: T.C.KİMLİK NO | B2: ='ANA SAYFA'!D62 -> 46012926426
A3: GÖREVİ | B3: ='ANA SAYFA'!C62 -> KAMYON ŞOFÖRÜ
A4: İŞE GİRİŞ TARİHİ | B4: 45421
A5: DOĞUM TARİHİ | B5: ='ANA SAYFA'!F62 -> 33156
A6: İZİN NEDENİ | B6: İZİNE ÇIKIŞ TARİHİ | C6: İZİNDEN DÖNÜŞ TARİHİ | D6: İZİNE ÇIKIŞ SAATİ | E6: İZİNDEN DÖNÜŞ SAATİ | F6: İZNİ KAZANDIĞI TARİH ARALIĞI | G6: SENELİK İZİN HAKKI TUTARI | H6: KULLANILAN İZİN TUTARI
B7: 45528 | C7: 45528 | D7: 0.33333333 | E7: 0.33333333 | F7: 9.05.2024-9.05.2025 | G7: 14 | H7: 1
B8: 45755 | C8: 45755 | D8: 0.33333333 | E8: 0.33333333 | F8: 9.05.2025-9.05.2026 | G8: 14 | H8: 1
B9: NİSAN 2025 MAAŞINDAN YAPILAN KESİNTİ | H9: -1
B10: MAYIS MAAŞINDAN YAPILAN KESİNTİ | H10: -1
B11: 45891 | C11: 45908 | H11: 14
B12: 45908 | C12: 45910 | H12: 2
B13: 45919 | C13: 45922 | H13: 2
B14: EYLÜL 2025 MAAŞINDAN YAPILAN KESİNTİ | H14: -4
B15: 45954 | C15: 45955 | H15: 1
B16: 45978 | C16: 45980 | H16: 2
B17: 45982 | C17: 45983 | H17: 1
B18: KASIM 2025 MAAŞINDAN YAPILAN KESİNTİ | H18: -2
B19: 46017 | C19: 46018 | H19: 1
B20: 46069 | C20: 46070 | H20: 1
B21: 46106 | C21: 46107 | H21: 1
B23: DİKKAT :MART MAAŞINDAN KESİNTİ YAPILMADI | H23: 0
B24: NİSAN MAAŞINDAN YAPILAN KESİNTİ | H24: -3
B25: 46160 | C25: 46161 | H25: 1
B26: 46186 | C26: 46188 | H26: 1
F34: TOPLAMLAR | G34: =SUM(G5:G33) -> 28 | H34: =SUM(H7:H33) -> 18
F36: KALAN FARK(-/+) | H36: =G34-H34 -> 10

Sheet 62
A1: ADI SOYADI | B1: ='ANA SAYFA'!B63 -> HAKAN AKKOÇ | C1: PERSONEL İZİN ÇİZELGESİ | J1: ANA SAYFA
A2: T.C.KİMLİK NO | B2: ='ANA SAYFA'!D63 -> 57853468006
A3: GÖREVİ | B3: ='ANA SAYFA'!C63 -> KAMYON ŞOFÖRÜ
A4: İŞE GİRİŞ TARİHİ | B4: ='ANA SAYFA'!E63 -> 45149
A5: DOĞUM TARİHİ | B5: ='ANA SAYFA'!F63 -> 25950
A6: İZİN NEDENİ | B6: İZİNE ÇIKIŞ TARİHİ | C6: İZİNDEN DÖNÜŞ TARİHİ | D6: İZİNE ÇIKIŞ SAATİ | E6: İZİNDEN DÖNÜŞ SAATİ | F6: İZNİ KAZANDIĞI TARİH ARALIĞI | G6: SENELİK İZİN HAKKI TUTARI | H6: KULLANILAN İZİN TUTARI
B7: 45463 | C7: 45465 | D7: 0.33333333 | E7: 0.33333333 | F7: 11.08.23-11.08.24 | G7: 20 | H7: 3
B8: OCAK MAAŞINDAN YAPILAN KESİNTİ 2 GÜN | F8: 11.08.24-11.08.25 | G8: 20 | H8: -2
B9: 45233 | C9: 45236 | D9: 0.33333333 | E9: 0.33333333 | H9: 2
B10: 45390 | C10: 45390 | D10: 0.33333333 | E10: 0.33333333 | H10: 1
B11: 45534 | C11: 45538 | D11: 0.33333333 | E11: 0.33333333 | H11: 3.5
B12: 45563 | C12: 45563 | D12: 0.33333333 | E12: 0.33333333 | H12: 1
B13: 45744 | C13: 45744 | D13: 0.33333333 | E13: 0.33333333 | H13: 1
B14: 45805 | C14: 45806 | D14: 0.33333333 | E14: 0.33333333 | H14: 2
B15: 45908 | C15: 45915 | D15: 0.33333333 | E15: 0.33333333 | H15: 6
B16: 46006 | C16: 46007 | H16: 1
B17: 46074 | C17: 46076 | H17: 1
B18: 46104 | C18: 46105 | D18: 0.33333333 | E18: 0.60416667 | H18: 1.5
B19: 46163 | C19: 46174 | D19: 0.33333333 | E19: 0.33333333 | H19: 4
F38: TOPLAMLAR | G38: =SUM(G7:G37) -> 40 | H38: =SUM(H7:H37) -> 25
F40: KALAN FARK(-/+) | H40: =G38-H38 -> 15

Sheet 63
A1: ADI SOYADI | B1: ='ANA SAYFA'!B64 -> ZEKAİ ÖZTÜRK | C1: PERSONEL İZİN ÇİZELGESİ | J1: ANA SAYFA
A2: T.C.KİMLİK NO | B2: ='ANA SAYFA'!D64 -> 51067606810
A3: GÖREVİ | B3: ='ANA SAYFA'!C64 -> USTA YARDIMCISI
A4: İŞE GİRİŞ TARİHİ | B4: ='ANA SAYFA'!E64 -> 44240
A5: DOĞUM TARİHİ | B5: ='ANA SAYFA'!F64 -> 23774
A6: İZİN NEDENİ | B6: İZİNE ÇIKIŞ TARİHİ | C6: İZİNDEN DÖNÜŞ TARİHİ | D6: İZİNE ÇIKIŞ SAATİ | E6: İZİNDEN DÖNÜŞ SAATİ | F6: İZNİ KAZANDIĞI TARİH ARALIĞI | G6: SENELİK İZİN HAKKI TUTARI | H6: KULLANILAN İZİN TUTARI
B7: 44278 | C7: 44279 | D7: 0.54166667 | E7: 0.33333333 | F7: 13.02.21-13.02.22 | G7: 20 | H7: 0.5 | K7: 45991 | L7: KIDEMİNİ ALDI ARABULUCU YAPILDI
B8: 44285 | C8: 44294 | D8: 0.33333333 | E8: 0.33333333 | F8: 13.02.22-13.02.23 | G8: 20 | H8: 8
B9: 44415 | C9: 44417 | D9: 0.33333333 | E9: 0.33333333 | F9: 13.02.23-13.02.24 | G9: 20 | H9: 1
B10: 44447 | C10: 44453 | D10: 0.54166667 | E10: 0.33333333 | F10: 13.02.24.13.02.25 | G10: 20 | H10: 4.5
B11: 44480 | C11: 44482 | D11: 0.33333333 | E11: 0.33333333 | F11: 13.02.25-13.02.26 | G11: 20 | H11: 2
B12: 44527 | C12: 44531 | D12: 0.33333333 | E12: 0.33333333 | H12: 3
B13: 44727 | C13: 44732 | D13: 0.33333333 | E13: 0.33333333 | H13: 4
B14: 44755 | C14: 44760 | D14: 0.33333333 | E14: 0.33333333 | H14: 4
B15: 44985 | C15: 44987 | D15: 0.33333333 | E15: 0.33333333 | H15: 2
B16: 45127 | C16: 45131 | D16: 0.33333333 | E16: 0.33333333 | H16: 3
B17: 45255 | C17: 45259 | D17: 0.33333333 | E17: 0.33333333 | H17: 3
B18: 45279 | C18: 45280 | D18: 0.33333333 | E18: 0.33333333 | H18: 1
B19: 45457 | C19: 45458 | D19: 0.33333333 | E19: 0.33333333 | H19: 1
B20: 45463 | C20: 45467 | D20: 0.33333333 | E20: 0.33333333 | H20: 3
B21: 45506 | C21: 45507 | D21: 0.33333333 | E21: 0.33333333 | H21: 2
B22: 45537 | C22: 45538 | D22: 0.33333333 | E22: 0.33333333 | H22: 2
B23: 45556 | C23: 45556 | D23: 0.33333333 | E23: 0.33333333 | H23: 1
... B32: 45971 | C32: 45973 | D32: 0.33333333 | E32: 0.33333333 | H32: 2
B33: 46018 | C33: 46035 | H33: 14
B34: 46051 | C34: 46052 | H34: 1 | J34: İMZASIZ
B35: şubat ayından 14 gün izin hakkı yatırıldı sıfırlandı artık ücretsiz izin | H35: 14
B36: 46055 | C36: 46083 | F36: ÜCRETSİZ İZİN | G36: 24 | H36: 24 | J36: İMZASIZ
F47: TOPLAMLAR | G47: =SUM(G7:G46) -> 124 | H47: =SUM(H7:H46) -> 124
F49: KALAN FARK(-/+) | H49: =G47-H47 -> 0

Sheet 64
A1: ADI SOYADI | B1: ='ANA SAYFA'!B65 -> ZÜLFİ PEKAL | C1: PERSONEL İZİN ÇİZELGESİ | J1: ANA SAYFA
A2: T.C.KİMLİK NO | B2: ='ANA SAYFA'!D65 -> 22267326426
A3: GÖREVİ | B3: ='ANA SAYFA'!C65 -> HARİTA TEKNİKERİ
A4: İŞE GİRİŞ TARİHİ | B4: ='ANA SAYFA'!E65 -> 42525
A5: DOĞUM TARİHİ | B5: ='ANA SAYFA'!F65 -> 32587
A6: İZİN NEDENİ | B6: İZİNE ÇIKIŞ TARİHİ | C6: İZİNDEN DÖNÜŞ TARİHİ | D6: İZİNE ÇIKIŞ SAATİ | E6: İZİNDEN DÖNÜŞ SAATİ | F6: İZNİ KAZANDIĞI TARİH ARALIĞI | G6: SENELİK İZİN HAKKI TUTARI | H6: KULLANILAN İZİN TUTARI
B7: 42982 | C7: 42990 | D7: 0.33333333 | E7: 0.33333333 | F7: 04.06.16-04.06.17 | G7: 14 | H7: 8
B8: 43197 | C8: 43206 | D8: 0.33333333 | E8: 0.33333333 | F8: 04.06.17-04.06.18 | G8: 14 | H8: 7
B9: 43381 | C9: 43391 | D9: 0.33333333 | E9: 0.33333333 | F9: 04.06.18-04.06.19 | G9: 14 | H9: 10
B10: 43801 | C10: 43811 | D10: 0.33333333 | E10: 0.33333333 | F10: 04.06.19-04.06.20 | G10: 14 | H10: 10
B11: 45854 | C11: 45869 | D11: 0.33333333 | E11: 0.33333333 | F11: 04.06.20-04.06.21 | G11: 14 | H11: 14
B12: 44775 | C12: 44792 | D12: 0.33333333 | E12: 0.33333333 | F12: 04.06.21-04.06.22 | G12: 20 | H12: 14
B13: 45142 | C13: 45164 | D13: 0.33333333 | E13: 0.33333333 | F13: 04.06.22-04.06.23 | G13: 20 | H13: 20
B14: 45558 | C14: 45580 | D14: 0.33333333 | E14: 0.33333333 | F14: 04.06.23-04.06.24 | G14: 20 | H14: 20
B15: 45828 | C15: 45850 | D15: 0.33333333 | E15: 0.33333333 | F15: 04.06.24-04.06.25 | G15: 20 | H15: 20
A16: 16.07.2025 TARİHİNDE 60 GÜN YAPI KREDİ HESABINDAN 116.000-TL ÖDENMİŞ VE İZİN EVRAKLARI İMZALATILMIŞTIR. | F16: 04.06.25-04.06.26 | G16: 20 | H16: 1.5
B17: 45954 | C17: 45957 | D17: 0.54166667 | E17: 0.33333333 | H17: 1
B18: 45969 | C18: 45971 | D18: 0.33333333 | E18: 0.33333333 | H18: 1
B19: 46143 | C19: 46146 | D19: 0.33333333 | E19: 0.33333333
F35: TOPLAMLAR | G35: =SUM(G7:G34) -> 170 | H35: =SUM(H7:H34) -> 126.5
F37: KALAN FARK(-/+) | H37: =G35-H35 -> 43.5

Sheet 65
A1: ADI SOYADI | B1: ='ANA SAYFA'!B66 -> ZEYNEP ARSLANTEKİN | C1: PERSONEL İZİN ÇİZELGESİ | J1: ANA SAYFA
A2: T.C.KİMLİK NO | B2: ='ANA SAYFA'!D66 -> 33113218888
A3: GÖREVİ | B3: ='ANA SAYFA'!C66 -> TEMİZLİK GÖREVLİSİ
A4: İŞE GİRİŞ TARİHİ | B4: ='ANA SAYFA'!E66 -> 42368
A5: DOĞUM TARİHİ | B5: ='ANA SAYFA'!F66 -> 26578
A6: İZİN NEDENİ | B6: İZİNE ÇIKIŞ TARİHİ | C6: İZİNDEN DÖNÜŞ TARİHİ | D6: İZİNE ÇIKIŞ SAATİ | E6: İZİNDEN DÖNÜŞ SAATİ | F6: İZNİ KAZANDIĞI TARİH ARALIĞI | G6: SENELİK İZİN HAKKI TUTARI | H6: KULLANILAN İZİN TUTARI
B7: 42511 | C7: 42513 | D7: 0.33333333 | E7: 0.33333333 | F7: 30.12.15-30.12.16 | G7: 14 | H7: 1
B8: 42555 | C8: 42555 | D8: 0.5 | E8: 0.33333333 | F8: 30.12.16-30.12.17 | G8: 14 | H8: 0.5
B9: 42683 | C9: 42693 | D9: 0.33333333 | E9: 0.5 | F9: 30.12.17-30.12.18 | G9: 14 | H9: 0.5
B10: 42899 | C10: 42900 | D10: 0.33333333 | E10: 0.33333333 | F10: 30.12.18-30.12.19 | G10: 14 | H10: 1
B11: 42905 | C11: 42919 | D11: 0.33333333 | E11: 0.33333333 | F11: 30.12.19-30.12.20 | G11: 14 | H11: 10
B12: 43255 | C12: 43272 | D12: 0.33333333 | E12: 0.33333333 | F12: 30.12.20-30.12.21 | G12: 20 | H12: 12
B13: 43430 | C13: 43430 | D13: 0.33333333 | E13: 0.54166667 | F13: 30.12.21-30.12.22 | G13: 20 | H13: 0.5
B14: 43605 | C14: 43626 | D14: 0.33333333 | E14: 0.33333333 | F14: 30.12.22-30.12.23 | G14: 20 | H14: 14
B15: 43962 | C15: 43978 | D15: 0.33333333 | E15: 0.33333333 | F15: 30.12.23-30.12.24 | H15: 8
B16: 44321 | C16: 44328 | D16: 0.33333333 | E16: 0.33333333 | H16: 6
B17: 44442 | C17: 44446 | D17: 0.33333333 | E17: 0.33333333 | H17: 3
B18: 10.06.2024 PAZARTESİ | C18: 20.06.2024 PERŞEMBE | D18: 0.33333333 | E18: 0.33333333 | H18: 5
F34: TOPLAMLAR | G34: =SUM(G7:G14) -> 130 | H34: =SUM(H7:H33) -> 61.5
F36: KALAN FARK(-/+) | H36: =G34-H34 -> 68.5

Sheet 66
A1: ADI SOYADI | B1: ABDULLAH IŞIK | C1: PERSONEL İZİN ÇİZELGESİ | J1: ANA SAYFA
A2: T.C.KİMLİK NO | B2: 19651901888
A3: GÖREVİ | B3: İŞ MAKİNELERİ OPERATÖRÜ
A4: İŞE GİRİŞ TARİHİ | B4: 42468
A5: DOĞUM TARİHİ | B5: 27709
A6: İZİN NEDENİ | B6: İZİNE ÇIKIŞ TARİHİ | C6: İZİNDEN DÖNÜŞ TARİHİ | D6: İZİNE ÇIKIŞ SAATİ | E6: İZİNDEN DÖNÜŞ SAATİ | F6: İZNİ KAZANDIĞI TARİH ARALIĞI | G6: SENELİK İZİN HAKKI TUTARI | H6: KULLANILAN İZİN TUTARI
B7: 42692 | C7: 42692 | D7: 0.33333333 | E7: 0.5 | F7: 08.04.16-08.04.17 | G7: 14 | H7: 0.5
B8: 43262 | C8: 43276 | D8: 0.33333333 | E8: 0.33333333 | F8: 08.04.17-08.04.18 | G8: 14 | H8: 6
B9: 43376 | C9: 43378 | D9: 0.5 | E9: 0.33333333 | F9: 08.04.18-08.04.19 | G9: 14 | H9: 1.5
B10: 43421 | C10: 43423 | D10: 0.4375 | E10: 0.33333333 | F10: 08.04.19-08.04.20 | G10: 14 | H10: 1
B11: 43836 | C11: 43837 | D11: 0.5 | E11: 0.33333333 | F11: 08.04.20-08.04.21 | G11: 14 | H11: 0.5
B12: 43878 | C12: 43879 | D12: 0.33333333 | E12: 0.33333333 | F12: 08.04.21-08.04.22 | G12: 20 | H12: 1
B13: 43893 | C13: 43906 | D13: 0.33333333 | E13: 0.33333333 | F13: 08.04.22-08.04.23 | G13: 20 | H13: 11
B14: 43929 | C14: 43948 | D14: 0.33333333 | E14: 0.33333333 | F14: 08.04.23-08.04.24 | G14: 20 | H14: 16
B15: 43958 | C15: 43959 | D15: 0.33333333 | E15: 0.33333333 | F15: 08.04.24-08.04.25 | G15: 20 | H15: 1
B16: 43987 | C16: 43988 | D16: 0.33333333 | E16: 0.33333333 | F16: 08.04.25-08.04.26 | G16: 20 | H16: 1
B17: 44014 | C17: 44015 | D17: 0.33333333 | E17: 0.33333333 | H17: 1
B18: 44076 | C18: 44077 | D18: 0.33333333 | E18: 0.33333333 | H18: 1
B19: 44083 | C19: 44084 | D19: 0.33333333 | E19: 0.33333333 | H19: 1
B20: 44174 | C20: 44175 | D20: 0.33333333 | E20: 0.33333333 | H20: 1
B21: 44187 | C21: 44189 | D21: 0.33333333 | E21: 0.33333333 | H21: 2
B22: 44204 | C22: 44204 | D22: 0.66666667 | E22: 0.75 | H22: 0.5
B23: 44211 | C23: 44212 | D23: 0.33333333 | E23: 0.33333333 | H23: 1
B24: 43858 | C24: 44225 | D24: 0.33333333 | E24: 0.33333333 | H24: 1
B25: 44228 | C25: 44228 | D25: 0.33333333 | E25: 0.33333333 | H25: 0.5
B26: 44242 | C26: 44249 | D26: 0.33333333 | E26: 0.33333333 | H26: 6
B27: 44401 | C27: 44403 | D27: 0.33333333 | E27: 0.33333333 | H27: 1
B28: 44492 | C28: 44492 | D28: 0.33333333 | E28: 0.77083333 | H28: 1
... B39: 45491 | C39: 45491 | D39: 0.33333333 | E39: 0.33333333 | H39: 1
B40: 19 AĞUSTOS 2024 PAZARTESİ | C40: 05 EYLÜL 2024 PERŞEMBE | D40: 0.33333333 | E40: 0.33333333 | H40: 14
B41: 45637 | C41: 45643 | D41: 0.33333333 | E41: 0.33333333 | H41: 6
B42: 45660 | C42: 45661 | D42: 0.33333333 | E42: 0.33333333 | H42: 2
B43: 45681 | C43: 45681 | D43: 0.33333333 | E43: 0.33333333 | H43: 1
B44: 45740 | C44: 45744 | D44: 0.33333333 | E44: 0.33333333 | H44: 5
B45: 45779 | C45: 45779 | D45: 0.33333333 | E45: 0.33333333 | H45: 1
B46: 45789 | C46: 45791 | D46: 0.5 | E46: 0.33333333 | H46: 1.5
B47: 45792 | C47: 45792 | D47: 0.33333333 | E47: 0.33333333 | H47: 1
B48: 45806 | C48: 45806 | D48: 0.33333333 | E48: 0.33333333 | H48: 1
B49: 45831 | C49: 45831 | D49: 08.00 | E49: 08.00 | H49: 1
B50: 45838 | C50: 45838 | D50: 08.00 | E50: 08.00 | H50: 1
B51: 45867 | C51: 45868 | D51: 0.33333333 | E51: 0.33333333 | H51: 1
B52: 45887 | C52: 45901 | D52: 0.33333333 | E52: 0.33333333 | H52: 11
B53: 45960 | C53: 45961 | H53: 1
B54: 45975 | C54: 45978 | D54: 0.33333333 | E54: 0.33333333 | H54: 2
B55: 46024 | C55: 46025 | H55: 1
B56: 46132 | C56: 46135 | H56: 3
F58: TOPLAMLAR | G58: =SUM(G7:G57) -> 170 | H58: =SUM(H7:H57) -> 141
F60: KALAN FARK(-/+) | H60: =G58-H58 -> 29

Sheet 67
A1: ADI SOYADI | B1: ='ANA SAYFA'!B68 -> EMRULLAH AKIN | C1: PERSONEL İZİN ÇİZELGESİ | J1: ANA SAYFA
A2: T.C.KİMLİK NO | B2: ='ANA SAYFA'!D68 -> 24116688938
A3: GÖREVİ | B3: ='ANA SAYFA'!C68 -> TOPOĞRAF
A4: İŞE GİRİŞ TARİHİ | B4: 45096
A5: DOĞUM TARİHİ | B5: ='ANA SAYFA'!F68 -> 35841
A6: İZİN NEDENİ | B6: İZİNE ÇIKIŞ TARİHİ | C6: İZİNDEN DÖNÜŞ TARİHİ | D6: İZİNE ÇIKIŞ SAATİ | E6: İZİNDEN DÖNÜŞ SAATİ | F6: İZNİ KAZANDIĞI TARİH ARALIĞI | G6: SENELİK İZİN HAKKI TUTARI | H6: KULLANILAN İZİN TUTARI | J6: YENİ İE GİRİŞİ 09/07/2025
B7: 45341 | C7: 45342 | D7: 0.33333333 | E7: 0.33333333 | F7: 19.06.23-19.06.24 | G7: 14 | H7: 1
B8: 15.04.2024 PAZARTESİ | C8: 15.04.2024 PAZARTESİ | D8: 0.33333333 | E8: 0.33333333 | F8: 19.06.24-19.06.25 | G8: 14 | H8: 1 | J8: 45838 | K8: KIDEM TAZMİNATI ÖDENDİ
B9: 45463 | C9: 45463 | D9: 0.33333333 | E9: 0.33333333 | H9: 1
B10: 45488 | C10: 45495 | D10: 0.33333333 | E10: 0.33333333 | H10: 6
B11: 45572 | C11: 45572 | D11: 0.33333333 | E11: 0.33333333 | H11: 1
B12: 45719 | C12: 45719 | D12: 0.33333333 | E12: 0.33333333 | H12: 1
B13: 45730 | C13: 45731 | D13: 0.33333333 | E13: 0.33333333 | H13: 2
B14: 45749 | C14: 45756 | D14: 0.33333333 | E14: 0.33333333 | H14: 7
B15: 45862 | C15: 45864 | D15: 0.33333333 | E15: 0.33333333 | H15: 3
B16: 45964 | C16: 45971 | D16: 0.33333333 | E16: 0.33333333 | H16: 6
B17: 46104 | C17: 46105 | H17: 1
B18: 46193 | C18: 46196 | H18: 2
F31: TOPLAMLAR | G31: =SUM(G7:G22) -> 28 | H31: =SUM(H7:H29) -> 32
F33: KALAN FARK(-/+) | H33: =G31-H31 -> -4

Sheet 68
A1: ADI SOYADI | B1: ='ANA SAYFA'!B69 -> BEDİR BOZAN | C1: PERSONEL İZİN ÇİZELGESİ | J1: ANA SAYFA
A2: T.C.KİMLİK NO | B2: ='ANA SAYFA'!D69 -> 10756498662
A3: GÖREVİ | B3: ='ANA SAYFA'!C69 -> TIR-ÇEKİCİ ŞOFÖRÜ
A4: İŞE GİRİŞ TARİHİ | B4: ='ANA SAYFA'!E69 -> 45293
A5: DOĞUM TARİHİ | B5: ='ANA SAYFA'!F69 -> 35641
A6: İZİN NEDENİ | B6: İZİNE ÇIKIŞ TARİHİ | C6: İZİNDEN DÖNÜŞ TARİHİ | D6: İZİNE ÇIKIŞ SAATİ | E6: İZİNDEN DÖNÜŞ SAATİ | F6: İZNİ KAZANDIĞI TARİH ARALIĞI | G6: SENELİK İZİN HAKKI TUTARI | H6: KULLANILAN İZİN TUTARI
B7: 45507 | C7: 45513 | D7: 0.33333333 | E7: 0.33333333 | F7: 02.01.24-02.01.25 | G7: 14 | H7: 6
A8: EYLÜL 2024 MAAŞINDAN YAPILAN KESİNTİ | F8: 02.01.25-02.01.26 | G8: 14 | H8: -3
A9: EKİM 2024 MAAŞINDAN YAPILAN KESİNTİ | H9: -3
B10: 45609 | C10: 45612 | D10: 0.33333333 | E10: 0.33333333 | H10: 2
B11: 45749 | C11: 45757 | D11: 0.33333333 | E11: 0.33333333 | H11: 8
F32: TOPLAMLAR | G32: =SUM(G7:G30) -> 28 | H32: =SUM(H7:H31) -> 10
F34: KALAN FARK(-/+) | H34: =G32-H32 -> 18

Sheet 69
A1: ADI SOYADI | B1: ='ANA SAYFA'!B70 -> ABDULKADİR SARIDOĞAN | C1: PERSONEL İZİN ÇİZELGESİ | J1: ANA SAYFA
A2: T.C.KİMLİK NO | B2: ='ANA SAYFA'!D70 -> 36740023870
A3: GÖREVİ | B3: ='ANA SAYFA'!C70 -> KAMYON ŞOFÖRÜ
A4: İŞE GİRİŞ TARİHİ | B4: ='ANA SAYFA'!E70 -> 45999
A5: DOĞUM TARİHİ | B5: ='ANA SAYFA'!F70 -> 23774
A6: İZİN NEDENİ | B6: İZİNE ÇIKIŞ TARİHİ | C6: İZİNDEN DÖNÜŞ TARİHİ | D6: İZİNE ÇIKIŞ SAATİ | E6: İZİNDEN DÖNÜŞ SAATİ | F6: İZNİ KAZANDIĞI TARİH ARALIĞI | G6: SENELİK İZİN HAKKI TUTARI | H6: KULLANILAN İZİN TUTARI
B7: 46024 | C7: 46025 | H7: 1
B8: 46069 | C8: 46071 | H8: 2
B9: MART2026 MAAŞINDAN KESİNTİ | H9: -3
B10: 46148 | C10: 46150 | H10: 2
B11: 46189 | C11: 46190 | H11: 1
B12: 46202 | C12: 46204 | H12: 2
F35: TOPLAMLAR | G35: =SUM(G7:G34) -> 0 | H35: =SUM(H7:H34) -> 5
F37: KALAN FARK(-/+) | H37: =G35-H35 -> -5

Sheet 70
A1: ADI SOYADI | B1: ='ANA SAYFA'!B71 -> FATİH MESUT | J1: Ana Sayfa
A2: T.C.KİMLİK NO | B2: ='ANA SAYFA'!D71 -> 51235273288
A3: GÖREVİ | B3: ='ANA SAYFA'!C71 -> TIR ÇEKİCİ ŞOFÖRÜ
A4: İŞE GİRİŞ TARİHİ | B4: ='ANA SAYFA'!E71 -> 45961
A5: DOĞUM TARİHİ | B5: ='ANA SAYFA'!F71 -> 34335
A6: PERSONEL İZİN ÇİZELGESİ
A7: İZİN NEDENİ | B7: İZİNE ÇIKIŞ TARİHİ | C7: İZİNDEN DÖNÜŞ TARİHİ | D7: İZİNE ÇIKIŞ SAATİ | E7: İZİNDEN DÖNÜŞ SAATİ | F7: İZNİ KAZANDIĞI TARİH ARALIĞI | G7: SENELİK İZİN HAKKI TUTARI | H7: KULLANILAN İZİN TUTARI
B8: 46004 | C8: 46006 | H8: 1
B9: 46038 | C9: 46039 | H9: 1
B10: OCAK MAAŞINDAN YAPILAN KESİNTİ | H10: -2
B11: 46050 | C11: 46051 | H11: 1 | I11: İMZASIZ
B12: 46199 | C12: 46200 | H12: 0.5
F27: TOPLAMLAR | G27: =SUM(G8:G18) -> 0 | H27: =SUM(H8:H25) -> 1.5
F29: KALAN FARK(-/+) | H29: =G27-H27 -> -1.5

Sheet 71
A1: ADI SOYADI | B1: ='ANA SAYFA'!B72 -> ALİ DELİGÖZ | J1: Ana Sayfa
A2: T.C.KİMLİK NO | B2: ='ANA SAYFA'!D72 -> 42304564604
A3: GÖREVİ | B3: ='ANA SAYFA'!C72 -> KAMYON ŞOFÖRÜ
A4: İŞE GİRİŞ TARİHİ | B4: ='ANA SAYFA'!E72 -> 44926
A5: DOĞUM TARİHİ | B5: ='ANA SAYFA'!F72 -> 29367
A6: PERSONEL İZİN ÇİZELGESİ
A7: İZİN NEDENİ | B7: İZİNE ÇIKIŞ TARİHİ | C7: İZİNDEN DÖNÜŞ TARİHİ | D7: İZİNE ÇIKIŞ SAATİ | E7: İZİNDEN DÖNÜŞ SAATİ | F7: İZNİ KAZANDIĞI TARİH ARALIĞI | G7: SENELİK İZİN HAKKI TUTARI | H7: KULLANILAN İZİN TUTARI
B8: 45181 | C8: 45182 | D8: 0.33333333 | E8: 0.33333333 | F8: 31.12.22-31.12.23 | G8: 14 | H8: 1
B9: 45234 | C9: 45236 | D9: 0.33333333 | E9: 0.33333333 | F9: 31.12.23-31.12.24 | G9: 14 | H9: 1
B10: 45311 | C10: 45320 | D10: 0.33333333 | E10: 0.33333333 | F10: 31.12.24-31.12.25 | G10: 14 | H10: 7
B11: 45506 | C11: 45506 | D11: 0.33333333 | E11: 0.33333333 | H11: 1
B12: 45589 | C12: 45591 | D12: 0.33333333 | E12: 0.33333333 | H12: 3
B13: 45727 | C13: 45727 | D13: 0.33333333 | E13: 0.33333333 | H13: 1
B14: 45768 | C14: 45768 | D14: 0.33333333 | E14: 0.33333333 | H14: 1
B15: 45818 | C15: 45819 | D15: 0.33333333 | E15: 0.33333333 | H15: 2
B16: 45897 | C16: 45901 | D16: 0.33333333 | E16: 0.33333333 | H16: 2
B17: 46059 | C17: 46069 | H17: 8
B18: 46164 | C18: 46174 | H18: 3
F35: TOPLAMLAR | G35: =SUM(G5:G34) -> 42 | H35: =SUM(H8:H34) -> 30
F37: KALAN FARK(-/+) | H37: =G35-H35 -> 12

Sheet 72
A1: ADI SOYADI | B1: ='ANA SAYFA'!B73 -> CENGİZ AÇIKGÖZ | C1: PERSONEL İZİN ÇİZELGESİ | J1: Ana Sayfa
A2: T.C.KİMLİK NO | B2: ='ANA SAYFA'!D73 -> 35213303594
A3: GÖREVİ | B3: ='ANA SAYFA'!C73 -> KAMYON ŞOFÖRÜ
A4: İŞE GİRİŞ TARİHİ | B4: ='ANA SAYFA'!E73 -> 44662
A5: DOĞUM TARİHİ | B5: ='ANA SAYFA'!F73 -> 24127
A6: İZİN NEDENİ | B6: İZİNE ÇIKIŞ TARİHİ | C6: İZİNDEN DÖNÜŞ TARİHİ | D6: İZİNE ÇIKIŞ SAATİ | E6: İZİNDEN DÖNÜŞ SAATİ | F6: İZNİ KAZANDIĞI TARİH ARALIĞI | G6: SENELİK İZİN HAKKI TUTARI | H6: KULLANILAN İZİN TUTARI
B7: 18 TEMMUZ 2022 | C7: 44761 | D7: 0.33333333 | E7: 0.33333333 | F7: 11.04.22-11.04.23 | G7: 20 | H7: 1
B8: 44884 | C8: 44886 | D8: 0.33333333 | E8: 0.33333333 | F8: 11.04.23-11.04.24 | G8: 20 | H8: 1
B9: 44998 | C9: 45004 | D9: 0.33333333 | E9: 0.33333333 | F9: 11.04.24-11.04.25 | G9: 20 | H9: 6
B10: 45110 | C10: 45118 | D10: 0.33333333 | E10: 0.33333333 | H10: 7
B11: 45181 | C11: 45187 | D11: 0.33333333 | E11: 0.33333333 | H11: 5
B12: 45301 | C12: 45302 | D12: 0.5 | E12: 0.33333333 | H12: 0.5
B13: 45469 | C13: 45487 | D13: 0.33333333 | E13: 0.33333333 | H13: 16
B14: 45525 | C14: 45525 | D14: 0.33333333 | E14: 0.33333333 | H14: 1
B15: 45548 | C15: 45549 | D15: 0.33333333 | E15: 0.33333333 | H15: 2
B16: 45797 | C16: 45797 | D16: 0.33333333 | E16: 0.33333333 | H16: 1
B17: 45845 | C17: 45857 | D17: 0.33333333 | E17: 0.33333333 | H17: 11
B18: 45995 | C18: 45999 | H18: 3
B19: 46009 | C19: 46010 | H19: 1 | J19: İMZASIZ
B20: 46037 | C20: 46038 | H20: 1
F24: TOPLAMLAR | G24: =SUM(G7:G14) -> 60 | H24: =SUM(H7:H22) -> 56.5
F26: KALAN FARK(-/+) | H26: =G24-H24 -> 3.5

Sheet 73
A1: ADI SOYADI | B1: ='ANA SAYFA'!B74 -> CEVAHİR ÖZTÜRK | C1: PERSONEL İZİN ÇİZELGESİ | J1: Ana Sayfa
A2: T.C.KİMLİK NO | B2: ='ANA SAYFA'!D74 -> 60130492038
A3: GÖREVİ | B3: ='ANA SAYFA'!C74 -> KAMYON ŞOFÖRÜ
A4: İŞE GİRİŞ TARİHİ | B4: ='ANA SAYFA'!E74 -> 44627
A5: DOĞUM TARİHİ | B5: ='ANA SAYFA'!F74 -> 24690
A6: İZİN NEDENİ | B6: İZİNE ÇIKIŞ TARİHİ | C6: İZİNDEN DÖNÜŞ TARİHİ | D6: İZİNE ÇIKIŞ SAATİ | E6: İZİNDEN DÖNÜŞ SAATİ | F6: İZNİ KAZANDIĞI TARİH ARALIĞI | G6: SENELİK İZİN HAKKI TUTARI | H6: KULLANILAN İZİN TUTARI
B7: 45144 | C7: 45163 | D7: 0.33333333 | E7: 0.33333333 | F7: 07.03.22-07.03.23 | G7: 20 | H7: 15
B8: 45276 | C8: 45279 | D8: 0.33333333 | E8: 0.33333333 | F8: 07.03.23-07.03.24 | G8: 20 | H8: 2
B9: 45509 | C9: 31.08.2024 Cumartesi | D9: 0.33333333 | E9: 0.33333333 | F9: 07.03.24-07.03.25 | G9: 20 | H9: 24
B10: AĞUSTOS 2024 MAAŞINDAN YAPILAN KESİNTİ | F10: 07.03.25-07.03.26 | G10: 20 | H10: -2
B11: 45782 | C11: 45782 | D11: 0.33333333 | E11: 0.33333333 | H11: 1
B12: 45873 | C12: 45901 | D12: 0.33333333 | E12: 0.33333333 | H12: 23
B13: 45969 | C13: 45972 | D13: 0.33333333 | E13: 0.33333333 | H13: 2
B14: 46010 | C14: 46013 | H14: 2
F25: TOPLAMLAR | G25: =SUM(G7:G21) -> 80 | H25: =SUM(H7:H21) -> 67
F27: KALAN FARK(-/+) | H27: =G25-H25 -> 13

Sheet 74
A1: ADI SOYADI | B1: ='ANA SAYFA'!B75 -> CİHAT ECER | C1: PERSONEL İZİN ÇİZELGESİ | J1: Ana Sayfa
A2: T.C.KİMLİK NO | B2: ='ANA SAYFA'!D75 -> 60130492038
A3: GÖREVİ | B3: ='ANA SAYFA'!C75 -> EKSKAVATÖR OPERATÖRÜ
A4: İŞE GİRİŞ TARİHİ | B4: ='ANA SAYFA'!E75 -> 44903
A5: DOĞUM TARİHİ | B5: ='ANA SAYFA'!F75 -> 34955
A6: İZİN NEDENİ | B6: İZİNE ÇIKIŞ TARİHİ | C6: İZİNDEN DÖNÜŞ TARİHİ | D6: İZİNE ÇIKIŞ SAATİ | E6: İZİNDEN DÖNÜŞ SAATİ | F6: İZNİ KAZANDIĞI TARİH ARALIĞI | G6: SENELİK İZİN HAKKI TUTARI | H6: KULLANILAN İZİN TUTARI
B7: 44971 | C7: 44972 | D7: 0.33333333 | E7: 0.33333333 | F7: 08.12.22-08.12.23 | G7: 14 | H7: 1
B8: 45035 | C8: 45048 | D8: 0.33333333 | E8: 0.33333333 | F8: 08.12.23-08.12.24 | G8: 14 | H8: 8
B9: 45251 | C9: 45257 | D9: 0.33333333 | E9: 0.33333333 | F9: 08.12.24-08.12.25 | G9: 14 | H9: 5
B10: 45278 | C10: 45279 | D10: 0.5 | E10: 0.33333333 | H10: 0.5
B11: 45301 | C11: 45302 | D11: 0.33333333 | E11: 0.33333333 | H11: 1
B12: OCAK 2024 MAAŞINDAN YAPILAN KESİNTİ | H12: -1
B13: 45583 | C13: 45587 | D13: 0.33333333 | E13: 0.33333333 | H13: 4
B14: 45647 | C14: 45647 | D14: 0.33333333 | E14: 0.33333333 | H14: 1
B15: 45850 | C15: 45759 | D15: 0.33333333 | E15: 0.33333333 | H15: 1
B16: 3 Mayıs 2025 Cumartesi | C16: 3 Mayıs 2025 Cumartesi | D16: 0.33333333 | E16: 0.33333333 | H16: 1
B17: 5 Mayıs 2025 Cumartesi | C17: 5 Mayıs 2025 Cumartesi | D17: 0.33333333 | E17: 0.33333333 | H17: 1
B18: 45801 | C18: 45801 | D18: 0.33333333 | E18: 0.33333333 | H18: 1
B19: 45811 | C19: 45813 | H19: 2
B20: 45850 | C20: 45853 | D20: 0.33333333 | E20: 0.33333333 | H20: 2
B21: 45989 | C21: 45999 | H21: 8
B22: 46174 | C22: 46175 | H22: 1
F24: TOPLAMLAR | G24: =SUM(G7:G14) -> 42 | H24: =SUM(H7:H22) -> 36.5
F26: KALAN FARK(-/+) | H26: =G24-H24 -> 5.5

Sheet Sayfa1

Sheet 75
A1: ADI SOYADI | B1: ='ANA SAYFA'!B76 -> ÖMER AĞ | C1: PERSONEL İZİN ÇİZELGESİ | J1: ANA SAYFA
A2: T.C.KİMLİK NO | B2: ='ANA SAYFA'!D76 -> 14585930690
A3: GÖREVİ | B3: ='ANA SAYFA'!C76 -> BEDEN İŞÇİSİ
A4: İŞE GİRİŞ TARİHİ | B4: ='ANA SAYFA'!E76 -> 45957
A5: DOĞUM TARİHİ | B5: ='ANA SAYFA'!F76 -> 38155
A6: İZİN NEDENİ | B6: İZİNE ÇIKIŞ TARİHİ | C6: İZİNDEN DÖNÜŞ TARİHİ | D6: İZİNE ÇIKIŞ SAATİ | E6: İZİNDEN DÖNÜŞ SAATİ | F6: İZNİ KAZANDIĞI TARİH ARALIĞI | G6: SENELİK İZİN HAKKI TUTARI | H6: KULLANILAN İZİN TUTARI
B7: 46034 | C7: 46039 | H7: 5
B9: OCAK MAAŞINDAN YAPILAN KESİNTİ | H9: -5
B10: 46076 | C10: 46076 | D10: 0.33333333 | E10: 0.58333333 | H10: 0.5
B11: 46097 | C11: 46107 | D11: 31 ÇEKTİĞİ İÇİN 5 GÜN KESİLMİŞ OLDU | G11: 6 | H11: 6
B12: 46148 | C12: 46151 | H12: 3
B13: 46167 | C13: 46179 | H13: 7
F37: TOPLAMLAR | G37: =SUM(G5:G36) -> 6 | H37: =SUM(H7:H36) -> 16.5
F39: KALAN FARK(-/+) | H39: =G37-H37 -> -10.5

Sheet 76
A1: ADI SOYADI | B1: ='ANA SAYFA'!B77 -> SAKIP KARACA | C1: PERSONEL İZİN ÇİZELGESİ | J1: ANA SAYFA
A2: T.C.KİMLİK NO | B2: ='ANA SAYFA'!D77 -> 27400650734
A3: GÖREVİ | B3: ='ANA SAYFA'!C77 -> EKSKAVATÖR OPERATÖR
A4: İŞE GİRİŞ TARİHİ | B4: ='ANA SAYFA'!E77 -> 44657
A5: DOĞUM TARİHİ | B5: ='ANA SAYFA'!F77 -> 31726
A6: İZİN NEDENİ | B6: İZİNE ÇIKIŞ TARİHİ | C6: İZİNDEN DÖNÜŞ TARİHİ | D6: İZİNE ÇIKIŞ SAATİ | E6: İZİNDEN DÖNÜŞ SAATİ | F6: İZNİ KAZANDIĞI TARİH ARALIĞI | G6: SENELİK İZİN HAKKI TUTARI | H6: KULLANILAN İZİN TUTARI
B7: 44735 | C7: 44735 | D7: 0.33333333 | E7: 0.75 | F7: 06.04.22-.06.04.23 | G7: 14 | H7: 1
B8: 44834 | C8: 44835 | D8: 0.33333333 | E8: 0.75 | F8: 06.04.23-.06.04.24 | G8: 14 | H8: 1
B9: 45169 | C9: 45169 | D9: 0.33333333 | E9: 0.5 | F9: 06.04.24-.06.04.25 | G9: 14 | H9: 0.5
B10: 45474 | C10: 45482 | D10: 0.33333333 | E10: 0.33333333 | F10: 06.04.25-06.04.26 | G10: 14 | H10: 7
B11: 45548 | C11: 45551 | D11: 0.33333333 | E11: 0.33333333 | H11: 3
B12: 45882 | C12: 45890 | D12: 0.33333333 | E12: 0.33333333 | H12: 7
F36: TOPLAMLAR | G36: =SUM(G7:G35) -> 56 | H36: =SUM(H7:H35) -> 19.5
F38: KALAN FARK(-/+) | H38: =G36-H36 -> 36.5

Sheet 77
A1: ADI SOYADI | B1: ='ANA SAYFA'!B78 -> DURSUN KURT | C1: PERSONEL İZİN ÇİZELGESİ | J1: ANA SAYFA
A2: T.C.KİMLİK NO | B2: ='ANA SAYFA'!D78 -> 10089056942
A3: GÖREVİ | B3: ='ANA SAYFA'!C78 -> SAHA FORMENİ
A4: İŞE GİRİŞ TARİHİ | B4: ='ANA SAYFA'!E78 -> 35796
A5: DOĞUM TARİHİ | B5: ='ANA SAYFA'!F78 -> 27093
A6: İZİN NEDENİ | B6: İZİNE ÇIKIŞ TARİHİ | C6: İZİNDEN DÖNÜŞ TARİHİ | D6: İZİNE ÇIKIŞ SAATİ | E6: İZİNDEN DÖNÜŞ SAATİ | F6: İZNİ KAZANDIĞI TARİH ARALIĞI | G6: SENELİK İZİN HAKKI TUTARI | H6: KULALNILAN İZİN TUTARI
B7: 40079 | C7: 40081 | D7: 0.33333333 | E7: 0.33333333 | F7: 01.01.98-01.01.99 | G7: 14 | H7: 2
B8: 40203 | C8: 40205 | D8: 0.33333333 | E8: 0.33333333 | F8: 01.01.99-01.01.01 | G8: 14 | H8: 2
B9: 40235 | C9: 40238 | D9: 0.33333333 | E9: 0.33333333 | F9: 01.01.01-01.01.02 | G9: 14 | H9: 2
B10: 40369 | C10: 40370 | D10: 0.33333333 | E10: 0.33333333 | F10: 01.01.02-01.01.03 | G10: 14 | H10: 1
B11: 40544 | C11: 40550 | D11: 0.33333333 | E11: 0.33333333 | F11: 01.01.03-01.01.04 | G11: 14 | H11: 4
B12: 40544 | C12: 40550 | D12: 0.33333333 | E12: 0.33333333 | F12: 01.01.04-01.01.05 | G12: 20 | H12: 4
B13: 40564 | C13: 40565 | D13: 0.33333333 | E13: 0.33333333 | F13: 01.01.05-01.01.06 | G13: 20 | H13: 1
B14: 40564 | C14: 40565 | D14: 0.33333333 | E14: 0.33333333 | F14: 01.01.06-01.01.07 | G14: 20 | H14: 1
B15: 42005 | C15: 42035 | D15: 0.33333333 | E15: 0.33333333 | F15: 01.01.07-01.01.08 | G15: 20 | H15: 30
B16: 43264 | C16: 43269 | D16: 0.33333333 | E16: 0.33333333 | F16: 01.01.08-01.01.09 | G16: 20 | H16: 5
B17: 43927 | C17: 43955 | D17: 0.33333333 | E17: 0.33333333 | F17: 01.01.09-01.01.10 | G17: 20 | H17: 24
B18: 43969 | C18: 43974 | D18: 0.33333333 | E18: 0.33333333 | F18: 01.01.10-01.01.11 | G18: 20 | H18: 6
B19: YARIM GÜN BİR GÜN KULLANILAN TAHMİNİ İZİN TUTARI | F19: 01.01.11-01.01.12 | G19: 20 | H19: 30
B20: 44327 | C20: 44339 | D20: 0.75 | E20: 0.33333333 | F20: 01.01.12-01.01.13 | G20: 20 | H20: 1.5
B21: 44256 | C21: 44273 | D21: 0.33333333 | E21: 0.33333333 | F21: 01.01.13-01.01.14 | G21: 26 | H21: 15
B22: 44470 | C22: 44474 | D22: 0.33333333 | E22: 0.33333333 | F22: 01.01.14-01.01.15 | G22: 26 | H22: 3
B23: 44515 | C23: 44527 | D23: 0.33333333 | E23: 0.33333333 | F23: 01.01.15-01.01.16 | G23: 26 | H23: 6
B24: 44541 | C24: 44544 | D24: 0.75 | E24: 0.33333333 | F24: 01.01.16-01.01.17 | G24: 26 | H24: 1
B25: 44620 | C25: 44622 | D25: 0.33333333 | E25: 0.33333333 | F25: 01.01.17-01.01.18 | G25: 26 | H25: 2
B26: 33.500-TL ELDEN NAKİT TESLİM ALINAN (7.000-TL MAAŞ GÖRE HESAPLANMIŞTIR.) | F26: 01.01.18-01.01.19 | G26: 26 | H26: 143
B27: 44650 | C27: 44729 | D27: 0.33333333 | E27: 0.33333333 | F27: 01.01.19-01.01.20 | G27: 26 | H27: =48+14 -> 62
B28: 50.000-TL YAPI KREDİ HESABINA ÖDENEDİ | F28: 01.01.20-01.01.21 | G28: 26 | H28: 150
B29: 44750 | C29: 44767 | D29: 0.33333333 | E29: 0.33333333 | F29: 01.01.21-01.01.22 | G29: 26 | H29: 9
B30: 45492 | C30: 45509 | D30: 0.33333333 | E30: 0.33333333 | F30: 01.01.22-01.01.23 | G30: 26 | H30: 15
B31: 80.000-TL YAPI KREDİ HESABINA ÖDENEDİ | F31: 01.01.23-01.01.24 | G31: 26 | H31: 30
B32: 45722 | C32: 45729 | D32: 0.33333333 | E32: 0.33333333 | F32: 01.01.24-01.01.25 | G32: 26 | H32: 6
F33: 01.01.25-01.01.26 | G33: 26
F39: TOPLAMLAR | G39: =SUM(G7:G38) -> 588 | H39: =SUM(H7:H38) -> 555.5
F41: KALAN FARK(-/+) | H41: =G39-H39 -> 32.5

Sheet 78
A1: ADI SOYADI | B1: ='ANA SAYFA'!B79 -> MUHARREM KAN | C1: PERSONEL İZİN ÇİZELGESİ | J1: ANA SAYFA
A2: T.C.KİMLİK NO | B2: ='ANA SAYFA'!D79 -> 14324514464
A3: GÖREVİ | B3: ='ANA SAYFA'!C79 -> İŞARETÇİ/SAPANCI
A4: İŞE GİRİŞ TARİHİ | B4: ='ANA SAYFA'!E79 -> 45512
A5: DOĞUM TARİHİ | B5: ='ANA SAYFA'!F79 -> 33814
A6: İZİN NEDENİ | B6: İZİNE ÇIKIŞ TARİHİ | C6: İZİNDEN DÖNÜŞ TARİHİ | D6: İZİNE ÇIKIŞ SAATİ | E6: İZİNDEN DÖNÜŞ SAATİ | F6: İZNİ KAZANDIĞI TARİH ARALIĞI | G6: SENELİK İZİN HAKKI TUTARI | H6: KULALNILAN İZİN TUTARI
B7: 45749 | C7: 45751 | D7: 0.33333333 | E7: 0.33333333 | F7: 8.04.2024-8.04.2025 | G7: 14 | H7: 3
B8: NİSAN 2025 MAAŞINDAN YAPILAN KESİNTİ | H8: -3
B9: 45812 | C9: 45812 | D9: 0.33333333 | E9: 0.33333333 | H9: 1
B10: 45961 | C10: 45962 | H10: 1
B11: 45968 | C11: 45969 | H11: 1
B12: 46037 | C12: 46038 | H12: 1 | J12: İMZASIZ
B13: 46099 | C13: 46105 | H13: 2 | J13: İMZASIZ
B14: 46174 | C14: 46175 | H14: 1 | J14: İMZASIZ
F33: TOPLAMLAR | G33: =SUM(G5:G32) -> 14 | H33: =SUM(H7:H32) -> 7
F35: KALAN FARK(-/+) | H35: =G33-H33 -> 7

Sheet 79
A1: ADI SOYADI | B1: ='ANA SAYFA'!B80 -> ERKAN DURMUŞ | C1: PERSONEL İZİN ÇİZELGESİ | J1: ANA SAYFA
A2: T.C.KİMLİK NO | B2: ='ANA SAYFA'!D80 -> 16694126094
A3: GÖREVİ | B3: ='ANA SAYFA'!C80 -> FORMEN
A4: İŞE GİRİŞ TARİHİ | B4: ='ANA SAYFA'!E80 -> 42078
A5: DOĞUM TARİHİ | B5: ='ANA SAYFA'!F80 -> 26299
A6: İZİN NEDENİ | B6: İZİNE ÇIKIŞ TARİHİ | C6: İZİNDEN DÖNÜŞ TARİHİ | D6: İZİNE ÇIKIŞ SAATİ | E6: İZİNDEN DÖNÜŞ SAATİ | F6: İZNİ KAZANDIĞI TARİH ARALIĞI | G6: SENELİK İZİN HAKKI TUTARI | H6: KULALNILAN İZİN TUTARI
B7: 42116 | C7: 42117 | D7: 0.5625 | E7: 0.3125 | F7: 11.03.15-11.03.16 | G7: 14 | H7: 0.5
B8: 42205 | C8: 42206 | D8: 0.33333333 | E8: 0.33333333 | F8: 11.03.16-11.03.17 | G8: 14 | H8: 1
B9: 42629 | C9: 42632 | D9: 0.33333333 | E9: 0.33333333 | F9: 11.03.17-11.03.18 | G9: 14 | H9: 2
B10: 42682 | C10: 42683 | D10: 0.5 | E10: 0.33333333 | F10: 11.03.18-11.03.19 | G10: 14 | H10: 0.5
B11: 42996 | C11: 42998 | D11: 0.33333333 | E11: 0.33333333 | F11: 11.03.19-11.03.20 | G11: 14 | H11: 2
B12: 43131 | C12: 43136 | D12: 0.33333333 | E12: 0.33333333 | F12: 11.03.20-11.03.21 | G12: 20 | H12: 4
B13: 43129 | C13: 43130 | D13: 0.33333333 | E13: 0.33333333 | F13: 11.03.21-11.03.22 | G13: 20 | H13: 1
B14: 43441 | C14: 43444 | D14: 0.33333333 | E14: 0.33333333 | F14: 11.03.22-11.03.23 | G14: 20 | H14: 2
B15: 43145 | C15: 43452 | D15: 0.33333333 | E15: 0.33333333 | F15: 11.03.23-11.03.24 | G15: 20 | H15: 3
B16: 43827 | C16: 43464 | D16: 0.33333333 | E16: 0.33333333 | F16: 11.03.24-11.03.25 | G16: 20 | H16: 1
B17: 44067 | C17: 44070 | D17: 0.33333333 | E17: 0.33333333 | F17: 11.03.25-11.03.26 | G17: 20 | H17: 3
B18: 44090 | C18: 44093 | D18: 0.33333333 | E18: 0.33333333 | H18: 3
B19: 44277 | C19: 44282 | D19: 0.33333333 | E19: 0.33333333 | H19: 5
B20: 44401 | C20: 44403 | D20: 0.33333333 | E20: 0.33333333 | H20: 1
B21: 44429 | C21: 44430 | D21: 0.33333333 | E21: 0.33333333 | H21: 1
B22: 44869 | C22: 44872 | D22: 0.33333333 | E22: 0.33333333 | H22: 2
B23: 42629 | C23: 42642 | D23: 0.33333333 | E23: 0.33333333 | H23: 11 | I23: ÖDENDİ
B24: 42899 | C24: 42914 | D24: 0.33333333 | E24: 0.33333333 | H24: 10 | I24: ÖDENDİ
B25: 43405 | C25: 43417 | D25: 0.33333333 | E25: 0.33333333 | H25: 10 | I25: ÖDENDİ
B26: 43812 | C26: 43829 | D26: 0.33333333 | E26: 0.33333333 | H26: 14 | I26: ÖDENDİ
B27: 44081 | C27: 44092 | D27: 0.33333333 | E27: 0.33333333 | H27: 10 | I27: ÖDENDİ
B28: 44422 | C28: 44440 | D28: 0.33333333 | E28: 0.33333333 | H28: 15 | I28: ÖDENDİ
B29: 44600 | C29: 44614 | D29: 0.33333333 | E29: 0.33333333 | H29: 12 | I29: ÖDENDİ
B30: 45026 | C30: 45035 | D30: 0.33333333 | E30: 0.33333333 | H30: 8 | I30: ÖDENDİ
B31: 45241 | C31: 45245 | D31: 0.33333333 | E31: 0.33333333 | H31: 3
B32: 21.03.2024 PERŞEMBE | C32: 21.03.2024 PERŞEMBE | D32: 0.33333333 | E32: 0.33333333 | H32: 1
B33: 01.04.2024 PAZARTESİ | C33: 01.04.2024 PAZARTESİ | D33: 0.33333333 | E33: 0.33333333 | H33: 1
B34: 45534 | C34: 45544 | D34: 0.33333333 | E34: 0.33333333 | H34: 9
B35: 45610 | C35: 45610 | D35: 0.33333333 | E35: 0.33333333 | H35: 1
B36: 45857 | C36: 45865 | H36: 7
B37: 46099 | C37: 46100 | H37: 1
B38: 46165 | C38: 46174 | H38: 2
F45: TOPLAMLAR | G45: =SUM(G5:G44) -> 190 | H45: =SUM(H7:H44) -> 147
F47: KALAN FARK(-/+) | H47: =G45-H45 -> 43

Sheet 80
A1: ADI SOYADI | B1: ='ANA SAYFA'!B81 -> ERTÜRK TORUK | C1: PERSONEL İZİN ÇİZELGESİ | J1: ANA SAYFA
A2: T.C.KİMLİK NO | B2: ='ANA SAYFA'!D81 -> 29263710426
A3: GÖREVİ | B3: ='ANA SAYFA'!C81 -> EKSKAVATÖR OPR.
A4: İŞE GİRİŞ TARİHİ | B4: ='ANA SAYFA'!E81 -> 44817
A5: DOĞUM TARİHİ | B5: ='ANA SAYFA'!F81 -> 28126
A6: İZİN NEDENİ | B6: İZİNE ÇIKIŞ TARİHİ | C6: İZİNDEN DÖNÜŞ TARİHİ | D6: İZİNE ÇIKIŞ SAATİ | E6: İZİNDEN DÖNÜŞ SAATİ | F6: İZNİ KAZANDIĞI TARİH ARALIĞI | G6: SENELİK İZİN HAKKI TUTARI | H6: KULALNILAN İZİN TUTARI
B7: 44908 | C7: 44913 | D7: 0.33333333 | E7: 0.33333333 | F7: 13.09.22-13.09.23 | G7: 14 | H7: 4
B8: 46104 | C8: 46105 | F8: 13.09.23-13.09.24 | G8: 14 | H8: 1
B9: 46181 | C9: 46184 | H9: 3
F29: TOPLAMLAR | G29: =SUM(G7:G20) -> 28 | H29: =SUM(H7:H27) -> 8
F31: KALAN FARK(-/+) | H31: =G29-H29 -> 20

Sheet 81
A1: ADI SOYADI | B1: ='ANA SAYFA'!B82 -> ERTÜRK KAYA | C1: PERSONEL İZİN ÇİZELGESİ | J1: ANA SAYFA
A2: T.C.KİMLİK NO | B2: ='ANA SAYFA'!D82 -> 51283251344
A3: GÖREVİ | B3: ='ANA SAYFA'!C82 -> KAMYON ŞOFÖRÜ
A4: İŞE GİRİŞ TARİHİ | B4: ='ANA SAYFA'!E82 -> 45372
A5: DOĞUM TARİHİ | B5: ='ANA SAYFA'!F82 -> 22503
A6: İZİN NEDENİ | B6: İZİNE ÇIKIŞ TARİHİ | C6: İZİNDEN DÖNÜŞ TARİHİ | D6: İZİNE ÇIKIŞ SAATİ | E6: İZİNDEN DÖNÜŞ SAATİ | F6: İZNİ KAZANDIĞI TARİH ARALIĞI | G6: SENELİK İZİN HAKKI TUTARI | H6: KULALNILAN İZİN TUTARI
B7: 45489 | C7: 45489 | D7: 0.33333333 | E7: 0.33333333 | F7: 21.03.24-21.03.25 | G7: 20 | H7: 1
B8: AĞUSTOS 2024 MAAŞINDAN YAPILAN KESİNTİ | F8: 21.03.25-21.03.26 | G8: 20 | H8: -1
B9: 45542 | C9: 45542 | D9: 0.33333333 | E9: 0.33333333 | H9: 1
B10: 45735 | C10: 45735 | D10: 0.33333333 | E10: 0.33333333 | H10: 1
B11: 45733 | C11: 45733 | D11: 0.33333333 | E11: 0.33333333 | H11: 1
B12: 45800 | C12: 45804 | D12: 0.33333333 | E12: 0.33333333 | H12: 4
B13: 45852 | C13: 45852 | D13: 0.33333333 | E13: 0.33333333 | H13: 1
B14: 45875 | C14: 45875 | H14: 1
B15: 45905 | C15: 45908 | D15: 0.33333333 | E15: 0.33333333 | H15: 2
B16: 46046 | C16: 46048 | H16: 1
B17: 46050 | C17: 46051 | H17: 1
B18: 46099 | C18: 46100 | H18: 1
B19: 46165 | C19: 46174 | H19: 2
F23: TOPLAMLAR | G23: =SUM(G7:G14) -> 40 | H23: =SUM(H7:H21) -> 16
F25: KALAN FARK(-/+) | H25: =G23-H23 -> 24

Sheet 82
A1: ADI SOYADI | B1: ='ANA SAYFA'!B83 -> VOLKAN ŞAHİN | C1: PERSONEL İZİN ÇİZELGESİ | J1: ANA SAYFA
A2: T.C.KİMLİK NO | B2: ='ANA SAYFA'!D83 -> 28958197818
A3: GÖREVİ | B3: ='ANA SAYFA'!C83 -> TIR ÇEKİCİ ŞOFÖRÜ
A4: İŞE GİRİŞ TARİHİ | B4: ='ANA SAYFA'!E83 -> 46032
A5: DOĞUM TARİHİ | B5: ='ANA SAYFA'!F83 -> 33755
A6: İZİN NEDENİ | B6: İZİNE ÇIKIŞ TARİHİ | C6: İZİNDEN DÖNÜŞ TARİHİ | D6: İZİNE ÇIKIŞ SAATİ | E6: İZİNDEN DÖNÜŞ SAATİ | F6: İZNİ KAZANDIĞI TARİH ARALIĞI | G6: SENELİK İZİN HAKKI TUTARI | H6: KULALNILAN İZİN TUTARI
B7: 46049 | C7: 46050 | H7: 1
B8: 46125 | C8: 46126 | H8: 1 | J8: İMZASIZ
B9: 46136 | C9: 46137 | H9: 1 | J9: İMZASIZ
B10: NİSAN MAAŞINDAN YAPILAN KESİNTİ | H10: -3
B11: 46157 | C11: 46158 | H11: 1
B12: 46192 | C12: 46193 | H12: 1
B13: 46202 | C13: 46204 | H13: 2
F54: TOPLAMLAR | G54: =SUM(G7:G53) -> 0 | H54: =SUM(H7:H53) -> 4
F56: KALAN FARK(-/+) | H56: =G54-H54 -> -4

Sheet 83
A1: ADI SOYADI | B1: ='ANA SAYFA'!B84 -> ÖMER ÖZTÜRK | C1: PERSONEL İZİN ÇİZELGESİ | J1: ANA SAYFA
A2: T.C.KİMLİK NO | B2: ='ANA SAYFA'!D84 -> 35258203682
A3: GÖREVİ | B3: ='ANA SAYFA'!C84 -> TIR-ÇEKİCİ ŞOFÖRÜ
A4: İŞE GİRİŞ TARİHİ | B4: ='ANA SAYFA'!E84 -> 46134
A5: DOĞUM TARİHİ | B5: ='ANA SAYFA'!F84 -> 24603
A6: İZİN NEDENİ | B6: İZİNE ÇIKIŞ TARİHİ | C6: İZİNDEN DÖNÜŞ TARİHİ | D6: İZİNE ÇIKIŞ SAATİ | E6: İZİNDEN DÖNÜŞ SAATİ | F6: İZNİ KAZANDIĞI TARİH ARALIĞI | G6: SENELİK İZİN HAKKI TUTARI | H6: KULALNILAN İZİN TUTARI
B7: 46165 | C7: 46174 | H7: 2
F36: TOPLAMLAR | G36: =SUM(G7:G35) -> 0 | H36: =SUM(H7:H35) -> 2
F38: KALAN FARK(-/+) | H38: =G36-H36 -> -2

Sheet 84
A1: ADI SOYADI | B1: ='ANA SAYFA'!B85 -> SEBAHATTİN AYDIN | C1: PERSONEL İZİN ÇİZELGESİ | J1: ANA SAYFA
A2: T.C.KİMLİK NO | B2: ='ANA SAYFA'!D85 -> 43417238574
A3: GÖREVİ | B3: ='ANA SAYFA'!C85 -> KEPÇE OPERATÖR
A4: İŞE GİRİŞ TARİHİ | B4: ='ANA SAYFA'!E85 -> 44798
A5: DOĞUM TARİHİ | B5: ='ANA SAYFA'!F85 -> 23073
A6: İZİN NEDENİ | B6: İZİNE ÇIKIŞ TARİHİ | C6: İZİNDEN DÖNÜŞ TARİHİ | D6: İZİNE ÇIKIŞ SAATİ | E6: İZİNDEN DÖNÜŞ SAATİ | F6: İZNİ KAZANDIĞI TARİH ARALIĞI | G6: SENELİK İZİN HAKKI TUTARI | H6: KULALNILAN İZİN TUTARI
B7: 44879 | C7: 44880 | D7: 0.33333333 | E7: 0.33333333 | F7: 25.08.22-25.08.23 | G7: 20 | H7: 1
B8: 44883 | C8: 44884 | D8: 0.33333333 | E8: 0.33333333 | F8: 25.08.23-25.08.24 | G8: 20 | H8: 1 | K8: 46006 | L8: KIDEMİNİ ALDI ARABULUCU YAPILDI
B9: 45103 | C9: 45110 | D9: 0.33333333 | E9: 0.33333333 | F9: 25.08.24-25.08.25 | G9: 20 | H9: 1
B10: 45243 | C10: 45250 | D10: 0.33333333 | E10: 0.33333333 | H10: 6
B11: 30.03.2024 CUMARTESİ | C11: 15.04.2024 PAZARTESİ | D11: 0.33333333 | E11: 0.33333333 | H11: 9
B12: 45887 | C12: 45903 | D12: 0.33333333 | E12: 0.75 | H12: 14
B13: 45932 | C13: 45933 | H13: 1
B14: 45953 | C14: 45954 | H14: 1
B15: 46046 | C15: 46048 | H15: 1
F38: TOPLAMLAR | G38: =SUM(G7:G37) -> 60 | H38: =SUM(H7:H37) -> 35
F40: KALAN FARK(-/+) | H40: =G38-H38 -> 25

Sheet 85
A1: ADI SOYADI | B1: ='ANA SAYFA'!B86 -> HASAN ATMACA | C1: PERSONEL İZİN ÇİZELGESİ | J1: ANA SAYFA
A2: T.C.KİMLİK NO | B2: ='ANA SAYFA'!D86 -> 19688819842
A3: GÖREVİ | B3: ='ANA SAYFA'!C86 -> İŞARETÇİ/SAPANCI
A4: İŞE GİRİŞ TARİHİ | B4: ='ANA SAYFA'!E86 -> 46047
A5: DOĞUM TARİHİ | B5: ='ANA SAYFA'!F86 -> 21884
A6: İZİN NEDENİ | B6: İZİNE ÇIKIŞ TARİHİ | C6: İZİNDEN DÖNÜŞ TARİHİ | D6: İZİNE ÇIKIŞ SAATİ | E6: İZİNDEN DÖNÜŞ SAATİ | F6: İZNİ KAZANDIĞI TARİH ARALIĞI | G6: SENELİK İZİN HAKKI TUTARI | H6: KULALNILAN İZİN TUTARI
B7: 46055 | C7: 46056 | H7: 1 | J7: İMZASIZ
F34: TOPLAMLAR | G34: =SUM(G7:G33) -> 0 | H34: =SUM(H7:H33) -> 1
F36: KALAN FARK(-/+) | H36: =G34-H34 -> -1

Sheet 86
A1: ADI SOYADI | B1: ='ANA SAYFA'!B87 -> UĞUR KOÇ | C1: PERSONEL İZİN ÇİZELGESİ | J1: ANA SAYFA
A2: T.C.KİMLİK NO | B2: ='ANA SAYFA'!D87 -> 39010350652
A3: GÖREVİ | B3: ='ANA SAYFA'!C87 -> TIR-ÇEKİCİ ŞOFÖRÜ
A4: İŞE GİRİŞ TARİHİ | B4: ='ANA SAYFA'!E87 -> 45140
A5: DOĞUM TARİHİ | B5: ='ANA SAYFA'!F87 -> 26600
A6: İZİN NEDENİ | B6: İZİNE ÇIKIŞ TARİHİ | C6: İZİNDEN DÖNÜŞ TARİHİ | D6: İZİNE ÇIKIŞ SAATİ | E6: İZİNDEN DÖNÜŞ SAATİ | F6: İZNİ KAZANDIĞI TARİH ARALIĞI | G6: SENELİK İZİN HAKKI TUTARI | H6: KULALNILAN İZİN TUTARI
B7: 45269 | C7: 45274 | D7: 0.33333333 | E7: 0.33333333 | F7: 02.08.23-02.08.24 | G7: 20 | H7: 4
B8: 08.04.2024 PAZARTESİ | C8: 08.04.2024 PAZARTESİ | D8: 0.33333333 | E8: 0.33333333 | F8: 02.08.24-02.08.25 | G8: 20 | H8: 1
B9: 45463 | C9: 45465 | D9: 0.33333333 | E9: 0.33333333 | F9: 02.08.25-02.08.26 | G9: 20 | H9: 3
B10: 45479 | C10: 45479 | D10: 0.33333333 | E10: 0.33333333 | H10: 1
A11: TEMMUZ 2024 MAAŞINDAN YAPILAN KESİNTİ | H11: -3
B12: 45537 | C12: 45537 | D12: 0.33333333 | E12: 0.33333333 | H12: 1
B13: 45558 | C13: 45563 | D13: 0.33333333 | E13: 0.33333333 | H13: 6
B14: 45609 | C14: 45609 | D14: 0.33333333 | E14: 0.33333333 | H14: 1
B15: 45623 | C15: 45623 | D15: 0.33333333 | E15: 0.33333333 | H15: 1
B16: 45656 | C16: 45661 | D16: 0.33333333 | E16: 0.33333333 | H16: 5
B17: 45685 | C17: 45689 | D17: 0.33333333 | E17: 0.33333333 | H17: 5
A18: OCAK 2025 MAAŞINDAN YAPILAN KESİNTİ | H18: -3
A19: ŞUBAT 2025 MAAŞINDAN YAPILAN KESİNTİ | H19: -3
B20: 45749 | C20: 45752 | D20: 0.33333333 | E20: 0.33333333 | H20: 4
A21: NİSAN 2025 MAAŞINDAN YAPILAN KESİNTİ | H21: -2
A22: MAYIS 2025 MAAŞINDAN YAPILAN KESİNTİ | H22: -1
B23: 46088 | C23: 46125 | H23: 28
B24: 46167 | C24: 46181 | H24: 7
F39: TOPLAMLAR | G39: =SUM(G7:G37) -> 60 | H39: =SUM(H7:H38) -> 55
F41: KALAN FARK(-/+) | H41: =G39-H39 -> 5

Sheet 87
A1: ADI SOYADI | B1: ='ANA SAYFA'!B88 -> ŞAHİN ÇAT | C1: PERSONEL İZİN ÇİZELGESİ | J1: ANA SAYFA
A2: T.C.KİMLİK NO | B2: ='ANA SAYFA'!D88 -> 23827780108
A3: GÖREVİ | B3: ='ANA SAYFA'!C88 -> TAMİRCİ
A4: İŞE GİRİŞ TARİHİ | B4: ='ANA SAYFA'!E88 -> 45174
A5: DOĞUM TARİHİ | B5: ='ANA SAYFA'!F88 -> 33557
A6: İZİN NEDENİ | B6: İZİNE ÇIKIŞ TARİHİ | C6: İZİNDEN DÖNÜŞ TARİHİ | D6: İZİNE ÇIKIŞ SAATİ | E6: İZİNDEN DÖNÜŞ SAATİ | F6: İZNİ KAZANDIĞI TARİH ARALIĞI | G6: SENELİK İZİN HAKKI TUTARI | H6: KULALNILAN İZİN TUTARI
B7: 45183 | C7: 45187 | D7: 0.33333333 | E7: 0.33333333 | F7: 05.09.23-05.09.24 | G7: 14 | H7: 3
B8: 45209 | C8: 45219 | D8: 0.33333333 | E8: 0.33333333 | F8: 05.09.24-05.09.25 | G8: 14 | H8: 9
B9: 45260 | C9: 45266 | D9: 0.33333333 | E9: 0.33333333 | H9: 5
B10: 45272 | C10: 45274 | D10: 0.33333333 | E10: 0.33333333 | H10: 2
B11: 45323 | C11: 45327 | D11: 0.33333333 | E11: 0.33333333 | H11: 3
A12: OCAK 2024 MAAŞINDAN YAPILAN KESİNTİ | H12: -3
B13: 45323 | C13: 45327 | D13: 0.33333333 | E13: 0.33333333 | H13: 3
B14: 05.03.2024 PAZARTESİ | C14: 06.03.2024 SALI | D14: 0.33333333 | E14: 0.33333333 | H14: 2
B15: 12.03.2024 SALI | C15: 14.03.2024 PERŞEMBE | D15: 0.33333333 | E15: 0.33333333 | H15: 3
B16: 08.04.2024 PAZARTESİ | C16: 15.04.2024 PAZARTESİ | D16: 0.33333333 | E16: 0.33333333 | H16: 2
B17: 26.04.2024 CUMA | C17: 26.04.2024 CUMA | D17: 0.33333333 | E17: 0.33333333 | H17: 1
B18: 11/13.05.2024 CUMARTESİ | C18: 14.05.2024 SALI | D18: 0.33333333 | E18: 0.33333333 | H18: 2
B19: 45497 | C19: 45500 | D19: 0.33333333 | E19: 0.33333333 | H19: 4
B20: 45539 | C20: 45539 | D20: 0.33333333 | E20: 0.33333333 | H20: 1
B21: 45579 | C21: 45580 | D21: 0.33333333 | E21: 0.33333333 | H21: 2
B22: 45638 | C22: 45638 | D22: 0.33333333 | E22: 0.33333333 | H22: 1
B23: 45631 | C23: 45631 | D23: 0.33333333 | E23: 0.33333333 | H23: 1
B24: 45625 | C24: 45625 | D24: 0.33333333 | E24: 0.33333333 | H24: 1
B25: 45649 | C25: 45649 | D25: 0.33333333 | E25: 0.33333333 | H25: 1
A26: ARALIK 2024 MAAŞINDAN YAPILAN KESİNTİ | H26: -5
B27: 45667 | C27: 45668 | D27: 0.33333333 | E27: 0.33333333 | H27: 1.5
A28: OCAK 2025 MAAŞINDAN YAPILAN KESİNTİ | H28: -3
B29: 45705 | C29: 45705 | D29: 0.33333333 | E29: 0.33333333 | H29: 1
A30: ŞUBAT 2025 MAAŞINDAN YAPILAN KESİNTİ | H30: -8
B31: 45749 | C31: 45750 | D31: 0.33333333 | E31: 0.33333333 | H31: 1
A32: MART 2025 MAAŞINDAN YAPILAN KESİNTİ | H32: -5
B33: 45766 | C33: 45766 | D33: 0.33333333 | E33: 0.33333333 | H33: 1
A34: NİSAN 2025 MAAŞINDAN YAPILAN KESİNTİ | H34: -5
B35: 45787 | C35: 45787 | D35: 0.33333333 | E35: 0.5 | H35: 0.5
A36: MAYIS 2025 MAAŞINDAN YAPILAN KESİNTİ | H36: -3
B37: 45796 | C37: 45796 | D37: 0.33333333 | E37: 0.33333333 | H37: 1
B38: 45798 | C38: 45799 | D38: 0.33333333 | E38: 0.33333333 | H38: 2
B39: 45834 | C39: 45841 | D39: 0.33333333 | E39: 0.33333333 | H39: 7
A40: HAZİRAN 2025 MAAŞINDAN YAPILAN KESİNTİ | H40: -10
B41: 45847 | C41: 45847 | D41: 0.33333333 | E41: 0.33333333 | H41: 1
B42: 45856 | C42: 45856 | H42: 1
B43: 45867 | C43: 45867 | D43: 0.33333333 | E43: 0.33333333 | H43: 1
A44: TEMMUZ 2025 MAAŞINDAN YAPILAN KESİNTİ | H44: -5
B45: 45877 | C45: 45877 | H45: 1
B46: 45892 | C46: 45892 | D46: 0.33333333 | E46: 0.5 | F46: 05.09.2023-05.09.2024 | H46: 0.5
A47: AĞUSTOS 2025 MAAŞINDAN YAPILAN KESİNTİ | F47: 05.09.2024-05.09.2025 | H47: -4
B48: 45877 | C48: 45878 | D48: 0.33333333 | E48: 0.33333333 | F48: 05.09.2025-05.09.2026 | H48: 1
B49: 45892 | C49: 45894 | D49: 0.5 | E49: 0.33333333 | H49: 0.5
B50: 45945 | C50: 45946 | H50: 1
B51: 45950 | C51: 45961 | D51: 0.33333333 | E51: 0.75 | H51: 11
A52: EKİM 2025 MAAŞINDAN YAPILAN KESİNTİC | H52: -11
B53: 45969 | C53: 45971 | H53: 1
B54: 45996 | C54: 45997 | H54: 1
B55: 46015 | C55: 46016 | H55: 1
B56: 46031 | C56: 46035 | H56: 3
B57: 46045 | C57: 46046 | H57: 2
B58: 46050 | C58: 46051 | H58: 1
B59: 46055 | C59: 46056 | H59: 1
B60: 46072 | C60: 46073 | H60: 1
B61: 46079 | C61: 46080 | H61: 1 | J61: İMZASIZ
B62: 46085 | C62: 46086 | H62: 1 | J62: İMZASIZ
B63: MART2026 MAAŞINDAN KESİLDİ | H63: -2
B64: 46162 | C64: 46164 | H64: 2
B65: 46195 | C65: 46197 | H65: 2
F69: TOPLAMLAR | G69: =SUM(G7:G68) -> 28 | H69: =SUM(H7:H68) -> 32
F71: KALAN FARK(-/+) | H71: =G69-H69 -> -4

Sheet 88
A1: ADI SOYADI | B1: ='ANA SAYFA'!B89 -> HALİL İŞİYOK | C1: PERSONEL İZİN ÇİZELGESİ | J1: ANA SAYFA
A2: T.C.KİMLİK NO | B2: ='ANA SAYFA'!D89 -> 53749624976
A3: GÖREVİ | B3: ='ANA SAYFA'!C89 -> BEDEN İŞÇİSİ
A4: İŞE GİRİŞ TARİHİ | B4: ='ANA SAYFA'!E89 -> 45856
A5: DOĞUM TARİHİ | B5: ='ANA SAYFA'!F89 -> 32071
A6: İZİN NEDENİ | B6: İZİNE ÇIKIŞ TARİHİ | C6: İZİNDEN DÖNÜŞ TARİHİ | D6: İZİNE ÇIKIŞ SAATİ | E6: İZİNDEN DÖNÜŞ SAATİ | F6: İZNİ KAZANDIĞI TARİH ARALIĞI | G6: SENELİK İZİN HAKKI TUTARI | H6: KULALNILAN İZİN TUTARI
A7: MEMLEKETE GİDECEK | B7: 45960 | C7: 45967 | D7: 0.5 | E7: 0.33333333 | H7: 5.5
B8: 46099 | C8: 46109 | D8: Mart maaşından kesildiği için izin yazılmadı | G8: 5.5 | H8: 5.5
B9: 46168 | C9: 46174 | H9: 1
E32: TOPLAMLAR | G32: =SUM(G7:G31) -> 5.5 | H32: =SUM(H7:H31) -> 12
F34: KALAN FARK(-/+) | H34: =G32-H32 -> -6.5

Sheet 89
A1: ADI SOYADI | B1: ='ANA SAYFA'!B90 -> MUHİTTİN KALDIRIM | C1: PERSONEL İZİN ÇİZELGESİ | J1: ANA SAYFA
A2: T.C.KİMLİK NO | B2: ='ANA SAYFA'!D90 -> 63742268558
A3: GÖREVİ | B3: ='ANA SAYFA'!C90 -> FORMEN
A4: İŞE GİRİŞ TARİHİ | B4: ='ANA SAYFA'!E90 -> 45824
A5: DOĞUM TARİHİ | B5: ='ANA SAYFA'!F90 -> 25552
A6: İZİN NEDENİ | B6: İZİNE ÇIKIŞ TARİHİ | C6: İZİNDEN DÖNÜŞ TARİHİ | D6: İZİNE ÇIKIŞ SAATİ | E6: İZİNDEN DÖNÜŞ SAATİ | F6: İZNİ KAZANDIĞI TARİH ARALIĞI | G6: SENELİK İZİN HAKKI TUTARI | H6: KULALNILAN İZİN TUTARI
B7: 45993 | C7: 46009 | F7: 16.06.2025-16.06.2026 | G7: 20 | H7: 13
F33: TOPLAMLAR | G33: =SUM(G7:G24) -> 20 | H33: =SUM(H7:H31) -> 13
F35: KALAN FARK(-/+) | H35: =G33-H33 -> 7

Sheet 90
A1: ADI SOYADI | B1: ='ANA SAYFA'!B91 -> YAHYA KEMAL ÖZKAN | C1: PERSONEL İZİN ÇİZELGESİ | J1: ANA SAYFA
A2: T.C.KİMLİK NO | B2: ='ANA SAYFA'!D91 -> 10028653768
A3: GÖREVİ | B3: ='ANA SAYFA'!C91 -> TIR-ÇEKİCİ ŞOFÖRÜ
A4: İŞE GİRİŞ TARİHİ | B4: ='ANA SAYFA'!E91 -> 45838
A5: DOĞUM TARİHİ | B5: ='ANA SAYFA'!F91 -> 28804
A6: İZİN NEDENİ | B6: İZİNE ÇIKIŞ TARİHİ | C6: İZİNDEN DÖNÜŞ TARİHİ | D6: İZİNE ÇIKIŞ SAATİ | E6: İZİNDEN DÖNÜŞ SAATİ | F6: İZNİ KAZANDIĞI TARİH ARALIĞI | G6: SENELİK İZİN HAKKI TUTARI | H6: KULALNILAN İZİN TUTARI
B7: 45971 | C7: 45972 | F7: 30.06.2025-30.06.2026 | H7: 1 | J7: İMZASIZ
B8: 45983 | C8: 45985 | H8: 1 | J8: İMZASIZ
B9: 45996 | C9: 45997 | H9: 1 | J9: İMZASIZ
F29: TOPLAMLAR | G29: =SUM(G7:G20) -> 0 | H29: =SUM(H7:H27) -> 3
F31: KALAN FARK(-/+) | H31: =G29-H29 -> -3

Sheet 91
A1: ADI SOYADI | B1: ='ANA SAYFA'!B92 -> ÖMER GEZMİŞ | C1: PERSONEL İZİN ÇİZELGESİ | J1: ANA SAYFA
A2: T.C.KİMLİK NO | B2: ='ANA SAYFA'!D92 -> 16256022284
A3: GÖREVİ | B3: ='ANA SAYFA'!C92 -> OPERATÖR
A4: İŞE GİRİŞ TARİHİ | B4: ='ANA SAYFA'!E92 -> 44805
A5: DOĞUM TARİHİ | B5: ='ANA SAYFA'!F92 -> 32893
A6: İZİN NEDENİ | B6: İZİNE ÇIKIŞ TARİHİ | C6: İZİNDEN DÖNÜŞ TARİHİ | D6: İZİNE ÇIKIŞ SAATİ | E6: İZİNDEN DÖNÜŞ SAATİ | F6: İZNİ KAZANDIĞI TARİH ARALIĞI | G6: SENELİK İZİN HAKKI TUTARI | H6: KULALNILAN İZİN TUTARI
B7: 45238 | C7: 45251 | D7: 0.33333333 | E7: 0.33333333 | F7: 01.09.22-01.09.23 | G7: 14 | H7: 11
B8: 30.04.2024 SALI | C8: 30.04.2024 SALI | D8: 0.33333333 | E8: 0.33333333 | F8: 01.09.23-01.09.24 | G8: 14 | H8: 1
B9: 45463 | C9: 45465 | D9: 0.33333333 | E9: 0.33333333 | F9: 01.09.24-01.09.25 | G9: 14 | H9: 3
B10: 45559 | C10: 45560 | D10: 0.33333333 | E10: 0.33333333 | H10: 2
B11: 45646 | C11: 45646 | D11: 0.33333333 | E11: 0.33333333 | H11: 1
B12: 45670 | C12: 45670 | D12: 0.33333333 | E12: 0.33333333 | H12: 1
B13: 45693 | C13: 45693 | D13: 0.33333333 | E13: 0.33333333 | H13: 1
B14: 45681 | C14: 45681 | D14: 0.33333333 | E14: 0.33333333 | H14: 1
B15: 45724 | C15: 45724 | D15: 0.33333333 | E15: 0.33333333 | H15: 1
B16: 45751 | C16: 45752 | D16: 0.33333333 | E16: 0.33333333 | H16: 2
B17: 45833 | C17: 45833 | D17: 0.33333333 | E17: 0.33333333 | H17: 1
B18: 45876 | C18: 45877 | D18: 0.33333333 | E18: 0.33333333 | H18: 1
B19: 45968 | C19: 45971 | H19: 2
B20: 45974 | C20: 45975 | H20: 1
B21: 46109 | C21: 46111 | H21: 1 | J21: İMZASIZ
B22: 46125 | C22: 46126 | H22: 1 | J22: İMZASIZ
B23: 46202 | C23: 46203 | H23: 1
B24: 46186 | C24: 46187 | H24: 1
F41: TOPLAMLAR | G41: =SUM(G7:G40) -> 42 | H41: =SUM(H7:H40) -> 33
F43: KALAN FARK(-/+) | H43: =G41-H41 -> 9

Sheet 92
A1: ADI SOYADI | B1: ='ANA SAYFA'!B93 -> İBRAHİM AĞ | C1: PERSONEL İZİN ÇİZELGESİ | J1: ANA SAYFA
A2: T.C.KİMLİK NO | B2: ='ANA SAYFA'!D93 -> 16541865534
A3: GÖREVİ | B3: ='ANA SAYFA'!C93 -> İŞ MAKİNELERİ YAĞCISI
A4: İŞE GİRİŞ TARİHİ | B4: ='ANA SAYFA'!E93 -> 46107
A5: DOĞUM TARİHİ | B5: ='ANA SAYFA'!F93 -> 38786
A6: İZİN NEDENİ | B6: İZİNE ÇIKIŞ TARİHİ | C6: İZİNDEN DÖNÜŞ TARİHİ | D6: İZİNE ÇIKIŞ SAATİ | E6: İZİNDEN DÖNÜŞ SAATİ | F6: İZNİ KAZANDIĞI TARİH ARALIĞI | G6: SENELİK İZİN HAKKI TUTARI | H6: KULALNILAN İZİN TUTARI
B7: 46161 | C7: 46179 | H7: 11
F35: TOPLAMLAR | G35: =SUM(G7:G34) -> 0 | H35: =SUM(H7:H34) -> 11
F37: KALAN FARK(-/+) | H37: =G35-H35 -> -11

Sheet 93
A1: ADI SOYADI | B1: ='ANA SAYFA'!B94 -> YILDIZ UZUNOSMAN | C1: PERSONEL İZİN ÇİZELGESİ | J1: ANA SAYFA
A2: T.C.KİMLİK NO | B2: ='ANA SAYFA'!D94 -> 10934681350
A3: GÖREVİ | B3: ='ANA SAYFA'!C94 -> SEKRETER
A4: İŞE GİRİŞ TARİHİ | B4: ='ANA SAYFA'!E94 -> 44622
A5: DOĞUM TARİHİ | B5: ='ANA SAYFA'!F94 -> 35344
A6: İZİN NEDENİ | B6: İZİNE ÇIKIŞ TARİHİ | C6: İZİNDEN DÖNÜŞ TARİHİ | D6: İZİNE ÇIKIŞ SAATİ | E6: İZİNDEN DÖNÜŞ SAATİ | F6: İZNİ KAZANDIĞI TARİH ARALIĞI | G6: SENELİK İZİN HAKKI TUTARI | H6: KULALNILAN İZİN TUTARI
B7: 44643 | C7: 44644 | D7: 0.33333333 | E7: 0.33333333 | F7: 02.03.22-02.03.23 | G7: 14 | H7: 1
B8: 44879 | C8: 44880 | D8: 0.33333333 | E8: 0.33333333 | F8: 02.03.23-02.03.24 | G8: 14 | H8: 1
B9: 45047 | C9: 45048 | D9: 0.33333333 | E9: 0.33333333 | F9: 02.03.24-02.03.25 | G9: 14 | H9: 1
B10: 45049 | C10: 45050 | D10: 0.33333333 | E10: 0.33333333 | F10: 02.03.25-02.03.26 | G10: 14 | H10: 1
B11: 45152 | C11: 45157 | D11: 0.33333333 | E11: 0.33333333 | H11: 5
B12: 45223 | C12: 45224 | D12: 0.33333333 | E12: 0.33333333 | H12: 1
B13: 45485 | C13: 45485 | D13: 0.33333333 | E13: 0.33333333 | H13: 1
B14: 27 Eylül 2024 Cuma | C14: 27 Eylül 2024 Cuma | D14: 0.33333333 | E14: 0.33333333 | H14: 1
B15: 45588 | C15: 45593 | D15: 0.33333333 | E15: 0.33333333 | H15: 4
B16: 45791 | C16: 45791 | D16: 0.33333333 | E16: 0.5625 | H16: 0.5
B17: 45848 | C17: 45848 | D17: 0.33333333 | E17: 0.33333333 | H17: 1
B18: 45899 | C18: 45908 | D18: 0.33333333 | E18: 0.33333333 | H18: 6
B19: 45952 | C19: 45953 | D19: 0.33333333 | E19: 0.33333333 | H19: 1
B20: 45993 | C20: 45994 | H20: 1
B21: 46095 | C21: 46097 | H21: 1
B22: 46115 | C22: 46116 | H22: 1
B23: 46157 | C23: 46160 | H23: 2
F41: TOPLAMLAR | G41: =SUM(G7:G40) -> 56 | H41: =SUM(H7:H39) -> 29.5
F43: KALAN FARK(-/+) | H43: =G41-H41 -> 26.5

Sheet 94
A1: ADI SOYADI | B1: ='ANA SAYFA'!B95 -> SALİH TUĞLU | C1: PERSONEL İZİN ÇİZELGESİ | J1: ANA SAYFA
A2: T.C.KİMLİK NO | B2: ='ANA SAYFA'!D95 -> 54160512958
A3: GÖREVİ | B3: ='ANA SAYFA'!C95 -> EKSKAVATÖR
A4: İŞE GİRİŞ TARİHİ | B4: ='ANA SAYFA'!E95 -> 45217
A5: DOĞUM TARİHİ | B5: ='ANA SAYFA'!F95 -> 36039
A6: İZİN NEDENİ | B6: İZİNE ÇIKIŞ TARİHİ | C6: İZİNDEN DÖNÜŞ TARİHİ | D6: İZİNE ÇIKIŞ SAATİ | E6: İZİNDEN DÖNÜŞ SAATİ | F6: İZNİ KAZANDIĞI TARİH ARALIĞI | G6: SENELİK İZİN HAKKI TUTARI | H6: KULALNILAN İZİN TUTARI
B7: 01.04.2024 PAZARTESİ | C7: 01.04.2024 PAZARTESİ | F7: 18.10.23-18.10.24 | G7: 14 | H7: 1
B8: 45503 | C8: 45503 | F8: 18.10.24-18.10.25 | G8: 14 | H8: 1
B9: 45542 | C9: 45542 | H9: 1
B10: 45562 | C10: 45562 | H10: 1
B11: 45598 | C11: 45598 | H11: 1
B12: 45776 | C12: 45776 | H12: 1
B13: 45780 | C13: 45781 | H13: 1
B14: 45824 | C14: 45824 | H14: 1
B15: 45829 | C15: 45829 | H15: 1
B16: 45876 | C16: 45877 | D16: 0.33333333 | E16: 0.33333333 | H16: 1
B17: 45934 | C17: 45937 | H17: 2
B18: 46181 | C18: 46185 | H18: 4
F24: TOPLAMLAR | G24: =SUM(G7:G23) -> 28 | H24: =SUM(H7:H23) -> 16
F26: KALAN FARK(-/+) | H26: =G24-H24 -> 12

Sheet 95
A1: ADI SOYADI | B1: ='ANA SAYFA'!B96 -> İDRİS GÖK | C1: PERSONEL İZİN ÇİZELGESİ | J1: ANA SAYFA
A2: T.C.KİMLİK NO | B2: ='ANA SAYFA'!D96 -> 15692782370
A3: GÖREVİ | B3: ='ANA SAYFA'!C96 -> TIR-ÇEKİCİ ŞOFÖRÜ
A4: İŞE GİRİŞ TARİHİ | B4: ='ANA SAYFA'!E96 -> 45301
A5: DOĞUM TARİHİ | B5: ='ANA SAYFA'!F96 -> 18297
A6: İZİN NEDENİ | B6: İZİNE ÇIKIŞ TARİHİ | C6: İZİNDEN DÖNÜŞ TARİHİ | D6: İZİNE ÇIKIŞ SAATİ | E6: İZİNDEN DÖNÜŞ SAATİ | F6: İZNİ KAZANDIĞI TARİH ARALIĞI | G6: SENELİK İZİN HAKKI TUTARI | H6: KULALNILAN İZİN TUTARI
B7: 44568 | C7: 44586 | D7: 0.33333333 | E7: 0.33333333 | F7: 30.08.21-30.08.22 | G7: 20 | H7: 16 | I7: ÖDENDİ
B8: 44960 | C8: 44977 | D8: 0.33333333 | E8: 0.33333333 | F8: 30.08.22-30.08.23 | G8: 20 | H8: 15 | I8: ÖDENDİ
B9: 45052 | C9: 45054 | D9: 0.33333333 | E9: 0.33333333 | F9: 30.08.23-30.08.24 | G9: 20
B10: 1.1.25 Tarihinde Çalışmasına Karşılık 1 Günlük Yıllık İzin Eklenmiştir. | G10: 1
B11: 46183 | C11: 46187 | H11: 4
F31: TOPLAMLAR | G31: =SUM(G7:G22) -> 61 | H31: =SUM(H7:H29) -> 35
F33: KALAN FARK(-/+) | H33: =G31-H31 -> 26
A35: NOTLAR:
A36: 1. | B36: İzin ücreti verildi. Giriş tarihi 10.01.2024 olarak düzeltildi.
A37: 2. | B37: İşe Giriş Tarihi 30.08.2021 İlk yıl - 10.01.2024 İkinci Giriş Yılı

Sheet 96
A1: ADI SOYADI | B1: ='ANA SAYFA'!B97 -> ERSİN KÖLE | C1: PERSONEL İZİN ÇİZELGESİ | J1: ANA SAYFA
A2: T.C.KİMLİK NO | B2: ='ANA SAYFA'!D97 -> 41572588572
A3: GÖREVİ | B3: ='ANA SAYFA'!C97 -> TIR-ÇEKİCİ ŞOFÖRÜ
A4: İŞE GİRİŞ TARİHİ | B4: ='ANA SAYFA'!E97 -> 44802
A5: DOĞUM TARİHİ | B5: ='ANA SAYFA'!F97 -> 32068
A6: İZİN NEDENİ | B6: İZİNE ÇIKIŞ TARİHİ | C6: İZİNDEN DÖNÜŞ TARİHİ | D6: İZİNE ÇIKIŞ SAATİ | E6: İZİNDEN DÖNÜŞ SAATİ | F6: İZNİ KAZANDIĞI TARİH ARALIĞI | G6: SENELİK İZİN HAKKI TUTARI | H6: KULALNILAN İZİN TUTARI
B7: 12 KASIM 2022 | C7: 14 KASIM 2022 | D7: 0.33333333 | E7: 0.33333333 | F7: 29.08.22-29.08.23 | G7: 14 | H7: 1
B8: 45055 | C8: 45056 | D8: 0.5 | E8: 0.33333333 | F8: 29.08.23-29.08.24 | G8: 14 | H8: 0.5
B9: 45103 | C9: 45110 | D9: 0.33333333 | E9: 0.33333333 | F9: 29.08.24-29.08.25 | G9: 14 | H9: 1
B10: 45133 | C10: 45135 | D10: 0.33333333 | E10: 0.33333333 | H10: 2
B11: 45223 | C11: 45226 | D11: 0.33333333 | E11: 0.33333333 | H11: 3
B12: 45304 | C12: 45310 | D12: 0.33333333 | E12: 0.33333333 | H12: 5
B13: 45342 | C13: 45343 | D13: 0.33333333 | E13: 0.33333333 | H13: 1
B14: 45444 | C14: 45444 | D14: 0.33333333 | E14: 0.33333333 | H14: 1
B15: 45455 | C15: 45457 | D15: 0.33333333 | E15: 0.33333333 | H15: 3
B16: 45532 | C16: 45532 | D16: 0.33333333 | E16: 0.33333333 | H16: 1
B17: 45544 | C17: 45548 | D17: 0.33333333 | E17: 0.33333333 | H17: 5
B18: 45607 | C18: 45609 | D18: 0.33333333 | E18: 0.33333333 | H18: 3
B19: 45610 | C19: 45611 | D19: 0.33333333 | E19: 0.33333333 | H19: 2
B20: 45764 | C20: 45764 | D20: 0.33333333 | E20: 0.33333333 | H20: 1
B21: 45847 | C21: 45853 | D21: 0.33333333 | E21: 0.33333333 | H21: 5
... B23: 45969 | C23: 45973 | D23: 0.33333333 | E23: 0.33333333 | H23: 3
B24: 46059 | C24: 46060 | H24: 1
B25: 46195 | C25: 46199 | H25: 5
F39: TOPLAMLAR | G39: =SUM(G7:G15) -> 42 | H39: =SUM(H8:H37) -> 44.5
F41: KALAN FARK(-/+) | H41: =G39-H39 -> -2.5

Sheet 97
A1: ADI SOYADI | B1: ='ANA SAYFA'!B98 -> HAYDAR AKASLAN | C1: PERSONEL İZİN ÇİZELGESİ | J1: ANA SAYFA
A2: T.C.KİMLİK NO | B2: ='ANA SAYFA'!D98 -> 58597346568
A3: GÖREVİ | B3: ='ANA SAYFA'!C98 -> BULDOZER OPERATÖRÜ
A4: İŞE GİRİŞ TARİHİ | B4: ='ANA SAYFA'!E98 -> 45468
A5: DOĞUM TARİHİ | B5: ='ANA SAYFA'!F98 -> 23126
A6: İZİN NEDENİ | B6: İZİNE ÇIKIŞ TARİHİ | C6: İZİNDEN DÖNÜŞ TARİHİ | D6: İZİNE ÇIKIŞ SAATİ | E6: İZİNDEN DÖNÜŞ SAATİ | F6: İZNİ KAZANDIĞI TARİH ARALIĞI | G6: SENELİK İZİN HAKKI TUTARI | H6: KULALNILAN İZİN TUTARI
B7: 45499 | C7: 45499 | D7: 0.33333333 | E7: 0.33333333 | H7: 1
B8: 45533 | C8: 45533 | D8: 0.33333333 | E8: 0.33333333 | H8: 1
B9: AĞUSTOS 2024 MAAŞINDAN YAPILAN KESİNTİ | H9: -2
B10: 45565 | C10: 45565 | D10: 0.33333333 | E10: 0.33333333 | H10: 1
B11: 45848 | C11: 45852 | H11: 4
B12: 45989 | C12: 45992 | H12: 2
B13: 46129 | C13: 46132 | H13: 2
F24: TOPLAMLAR | G24: =SUM(G7:G15) -> 0 | H24: =SUM(H7:H22) -> 9
F26: KALAN FARK(-/+) | H26: =G24-H24 -> -9

Sheet 98
A1: ADI SOYADI | B1: ='ANA SAYFA'!B99 -> ŞÜKRÜ KOCATEPE | C1: PERSONEL İZİN ÇİZELGESİ | J1: ANA SAYFA
A2: T.C.KİMLİK NO | B2: ='ANA SAYFA'!D99 -> 11981918604
A3: GÖREVİ | B3: ='ANA SAYFA'!C99 -> OPERATÖR
A4: İŞE GİRİŞ TARİHİ | B4: ='ANA SAYFA'!E99 -> 44853
A5: DOĞUM TARİHİ | B5: ='ANA SAYFA'!F99 -> 28856
A6: İZİN NEDENİ | B6: İZİNE ÇIKIŞ TARİHİ | C6: İZİNDEN DÖNÜŞ TARİHİ | D6: İZİNE ÇIKIŞ SAATİ | E6: İZİNDEN DÖNÜŞ SAATİ | F6: İZNİ KAZANDIĞI TARİH ARALIĞI | G6: SENELİK İZİN HAKKI TUTARI | H6: KULALNILAN İZİN TUTARI
B7: 45056 | C7: 45058 | D7: 0.33333333 | E7: 0.33333333 | F7: 19.10.22-19.10.23 | G7: 14 | H7: 2
B8: 45189 | C8: 45190 | D8: 0.33333333 | E8: 0.33333333 | F8: 19.10.23-19.10.24 | G8: 14 | H8: 1
B9: 45195 | C9: 45196 | D9: 0.33333333 | E9: 0.33333333 | F9: 19.10.24-19.10.25 | G9: 14 | H9: 1
B10: 45208 | C10: 45209 | D10: 0.33333333 | E10: 0.33333333 | H10: 1
B11: 45218 | C11: 45219 | D11: 0.33333333 | E11: 0.33333333 | H11: 1
B12: 45344 | C12: 45346 | D12: 0.33333333 | E12: 0.33333333 | H12: 2
B13: 45598 | C13: 45598 | H13: 1
B14: 45665 | C14: 45665 | H14: 1
B15: 45685 | C15: 45685 | H15: 1
B16: 45876 | C16: 45877 | D16: 0.33333333 | E16: 0.33333333 | H16: 1
B17: 45863 | C17: 45864 | D17: 0.33333333 | E17: 0.33333333 | H17: 1
B18: 45947 | C18: 45948 | H18: 1
B19: 45954 | C19: 45955 | H19: 1
B20: 46046 | C20: 46050 | H20: 3
B21: 46139 | C21: 46140 | H21: 1 | J21: İMZASIZ
B22: 46184 | C22: 46186 | H22: 2
B23: 46202 | C23: 46204 | H23: 2
F39: TOPLAMLAR | G39: =SUM(G7:G38) -> 42 | H39: =SUM(H7:H38) -> 23
F41: KALAN FARK(-/+) | H41: =G39-H39 -> 19

Sheet 99
A1: ADI SOYADI | B1: ='ANA SAYFA'!B100 -> MEHMET AY | C1: PERSONEL İZİN ÇİZELGESİ | J1: ANA SAYFA
A2: T.C.KİMLİK NO | B2: ='ANA SAYFA'!D100 -> 42862841858
A3: GÖREVİ | B3: ='ANA SAYFA'!C100 -> FORMEN
A4: İŞE GİRİŞ TARİHİ | B4: ='ANA SAYFA'!E100 -> 44846
A5: DOĞUM TARİHİ | B5: ='ANA SAYFA'!F100 -> 32883
A6: İZİN NEDENİ | B6: İZİNE ÇIKIŞ TARİHİ | C6: İZİNDEN DÖNÜŞ TARİHİ | D6: İZİNE ÇIKIŞ SAATİ | E6: İZİNDEN DÖNÜŞ SAATİ | F6: İZNİ KAZANDIĞI TARİH ARALIĞI | G6: SENELİK İZİN HAKKI TUTARI | H6: KULALNILAN İZİN TUTARI
B7: 45064 | C7: 45066 | D7: 0.33333333 | E7: 0.33333333 | F7: 12.10.22-12.10.23 | G7: 14 | H7: 2
B8: 45131 | C8: 45132 | D8: 0.33333333 | E8: 0.33333333 | F8: 12.10.23-12.10.24 | G8: 14 | H8: 1
B9: 45234 | C9: 45236 | D9: 0.33333333 | E9: 0.33333333 | F9: 12.10.24-12.10.25 | G9: 14 | H9: 1
B10: 45276 | C10: 45278 | D10: 0.33333333 | E10: 0.33333333 | H10: 1
B11: 45301 | C11: 45306 | D11: 0.33333333 | E11: 0.33333333 | H11: 4
B12: 45360 | C12: 45362 | D12: 0.33333333 | E12: 0.33333333 | H12: 1
B13: 45482 | C13: 45482 | D13: 0.5 | E13: 0.33333333 | H13: 0.5
B14: 45500 | C14: 45502 | D14: 0.33333333 | E14: 0.33333333 | H14: 2
B15: 45570 | C15: 45580 | D15: 0.33333333 | E15: 0.33333333 | H15: 1
B16: 45675 | C16: 45685 | D16: 0.33333333 | E16: 0.33333333 | H16: 9
B17: 45749 | C17: 45749 | D17: 0.33333333 | E17: 0.33333333 | H17: 1
B18: 45857 | C18: 45857 | D18: 0.33333333 | E18: 0.33333333 | H18: 1
B19: 45968 | C19: 45974 | D19: 0.33333333 | E19: 0.33333333 | H19: 5
B20: 45979 | C20: 45980 | H20: 1
B21: 46006 | C21: 46007 | H21: 1
B22: 46115 | C22: 46117 | H22: 2
F36: TOPLAMLAR | G36: =SUM(G7:G15) -> 42 | H36: =SUM(H7:H34) -> 33.5
F38: KALAN FARK(-/+) | H38: =G36-H36 -> 8.5
A39: 45473 | B39: TAZMİNATINI ALDI

Sheet 100
A1: ADI SOYADI | B1: ='ANA SAYFA'!B101 -> NECATİ KOCATEPE | C1: PERSONEL İZİN ÇİZELGESİ | J1: ANA SAYFA
A2: T.C.KİMLİK NO | B2: ='ANA SAYFA'!D101 -> 12005917870
A3: GÖREVİ | B3: ='ANA SAYFA'!C101 -> OPERATÖR
A4: İŞE GİRİŞ TARİHİ | B4: ='ANA SAYFA'!E101 -> 45211
A5: DOĞUM TARİHİ | B5: ='ANA SAYFA'!F101 -> 25749
A6: İZİN NEDENİ | B6: İZİNE ÇIKIŞ TARİHİ | C6: İZİNDEN DÖNÜŞ TARİHİ | D6: İZİNE ÇIKIŞ SAATİ | E6: İZİNDEN DÖNÜŞ SAATİ | F6: İZNİ KAZANDIĞI TARİH ARALIĞI | G6: SENELİK İZİN HAKKI TUTARI | H6: KULALNILAN İZİN TUTARI
B7: 45229 | C7: 45230 | D7: 0.33333333 | E7: 0.33333333 | F7: 12.10.23-12.10.24 | G7: 20 | H7: 1
A8: OCAK 2024 MAAŞINDAN YAPILAN KESİNTİ | F8: 12.10.24-12.10.25 | G8: 20 | H8: -1
B9: 01.04.2024 PAZARTESİ | C9: 01.04.2024 PAZARTESİ | D9: 0.33333333 | E9: 0.33333333 | H9: 1
B10: 45463 | C10: 45463 | D10: 0.33333333 | E10: 0.33333333 | H10: 1
B11: 45457 | C11: 45457 | D11: 0.33333333 | E11: 0.33333333 | H11: 1
B12: 45502 | C12: 45507 | D12: 0.33333333 | E12: 0.33333333 | H12: 6
A13: TEMMUZ 2024 MAAŞINDA YAPILAN KESİNTİ | H13: -1
B14: 45590 | C14: 45590 | D14: 0.33333333 | E14: 0.33333333 | H14: 1
B15: 45631 | C15: 45633 | D15: 0.33333333 | E15: 0.33333333 | H15: 3
B16: 45684 | C16: 45692 | D16: 0.33333333 | E16: 0.33333333 | H16: 9
B17: 45702 | C17: 45702 | D17: 0.33333333 | E17: 0.33333333 | H17: 1
A18: NİSAN 2025 MAAŞINDA YAPILAN KESİNTİ | H18: -2
B19: 45864 | C19: 45869 | D19: 0.33333333 | E19: 0.75 | H19: -5
B20: 46043 | C20: 46049 | H20: 5
B21: 46099 | C21: 46100 | H21: 1
B22: 46181 | C22: 46182 | H22: 1
F29: TOPLAMLAR | G29: =SUM(G7:G28) -> 40 | H29: =SUM(H7:H28) -> 22
F31: KALAN FARK(-/+) | H31: =G29-H29 -> 18

Sheet 101
A1: ADI SOYADI | B1: ='ANA SAYFA'!B102 -> EMİNE PALAZ | C1: PERSONEL İZİN ÇİZELGESİ | J1: ANA SAYFA
A2: T.C.KİMLİK NO | B2: ='ANA SAYFA'!D102 -> 20203683756
A3: GÖREVİ | B3: ='ANA SAYFA'!C102 -> TEMİZLİK GÖREVLİSİ
A4: İŞE GİRİŞ TARİHİ | B4: ='ANA SAYFA'!E102 -> 45364
A5: DOĞUM TARİHİ | B5: ='ANA SAYFA'!F102 -> 28281
A6: İZİN NEDENİ | B6: İZİNE ÇIKIŞ TARİHİ | C6: İZİNDEN DÖNÜŞ TARİHİ | D6: İZİNE ÇIKIŞ SAATİ | E6: İZİNDEN DÖNÜŞ SAATİ | F6: İZNİ KAZANDIĞI TARİH ARALIĞI | G6: SENELİK İZİN HAKKI TUTARI | H6: KULALNILAN İZİN TUTARI
A7: SAĞLIK NEDENİ | B7: 45873 | C7: 45785 | F7: 13.03.2024-13.03.2025 | G7: 14 | H7: 5
B8: 46044 | C8: 46045 | H8: 1 | J8: İMZASIZ
F33: TOPLAMLAR | G33: =SUM(G7:G32) -> 14 | H33: =SUM(H7:H32) -> 6
F35: KALAN FARK(-/+) | H35: =G33-H33 -> 8

Sheet 102
A1: ADI SOYADI | B1: ='ANA SAYFA'!B103 -> MEHMET AYSOY | C1: PERSONEL İZİN ÇİZELGESİ | J1: ANA SAYFA
A2: T.C.KİMLİK NO | B2: ='ANA SAYFA'!D103 -> 15554874830
A3: GÖREVİ | B3: ='ANA SAYFA'!C103 -> BULDOZER-DOZER OPERATÖRÜ
A4: İŞE GİRİŞ TARİHİ | B4: ='ANA SAYFA'!E103 -> 45841
A5: DOĞUM TARİHİ | B5: ='ANA SAYFA'!F103 -> 21961
A6: İZİN NEDENİ | B6: İZİNE ÇIKIŞ TARİHİ | C6: İZİNDEN DÖNÜŞ TARİHİ | D6: İZİNE ÇIKIŞ SAATİ | E6: İZİNDEN DÖNÜŞ SAATİ | F6: İZNİ KAZANDIĞI TARİH ARALIĞI | G6: SENELİK İZİN HAKKI TUTARI | H6: KULALNILAN İZİN TUTARI
B7: 46069 | C7: 46076 | F7: 3.07.2025-3.07.2026 | G7: 20 | H7: 7
B8: 46099 | C8: 46106 | H8: 3
B9: MART MAAŞINDAN YAPILAN KESİNTİ | H9: -3
B10: 46122 | C10: 46126 | H10: 3 | J10: İMZASIZ
B11: NİSAN MAAŞINDAN YAPILAN KESİNTİ | H11: -3
F34: TOPLAMLAR | G34: =SUM(G7:G14) -> 20 | H34: =SUM(H7:H32) -> 7
F36: KALAN FARK(-/+) | H36: =G34-H34 -> 13

Sheet 103.
A1: ADI SOYADI | B1: ='ANA SAYFA'!B104 -> SELÇUK DOĞAN | C1: PERSONEL İZİN ÇİZELGESİ | J1: ANA SAYFA
A2: T.C.KİMLİK NO | B2: ='ANA SAYFA'!D104 -> 15418528374
A3: GÖREVİ | B3: ='ANA SAYFA'!C104 -> ÖN MUHASEBECİ
A4: İŞE GİRİŞ TARİHİ | B4: ='ANA SAYFA'!E104 -> 45413
A5: DOĞUM TARİHİ | B5: 29275
A6: İZİN NEDENİ | B6: İZİNE ÇIKIŞ TARİHİ | C6: İZİNDEN DÖNÜŞ TARİHİ | D6: İZİNE ÇIKIŞ SAATİ | E6: İZİNDEN DÖNÜŞ SAATİ | F6: İZNİ KAZANDIĞI TARİH ARALIĞI | G6: SENELİK İZİN HAKKI TUTARI | H6: KULALNILAN İZİN TUTARI
B7: 45463 | C7: 45463 | F7: 1.05.2024-1.05.2025 | G7: 14 | H7: 1
B8: 45479 | C8: 45479 | F8: 1.05.2025-1.05.2026 | G8: 14 | H8: 1
B9: 45794 | C9: 45794 | H9: 1
B10: 45892 | C10: 45892 | H10: 1
B11: 45962 | C11: 45964 | H11: 1
B12: 46039 | C12: 46041 | H12: 1
B13: 46186 | C13: 46188 | H13: 1
F33: TOPLAMLAR | G33: =SUM(G7:G32) -> 28 | H33: =SUM(H7:H32) -> 7
F35: KALAN FARK(-/+) | H35: =G33-H33 -> 21

Sheet 104.
A1: ADI SOYADI | B1: ='ANA SAYFA'!B105 -> SERVET ÇELİK | C1: PERSONEL İZİN ÇİZELGESİ | J1: ANA SAYFA
A2: T.C.KİMLİK NO | B2: ='ANA SAYFA'!D105 -> 67213144198
A3: GÖREVİ | B3: ='ANA SAYFA'!C105 -> KAMYON ŞOFÖRÜ
A4: İŞE GİRİŞ TARİHİ | B4: ='ANA SAYFA'!E105 -> 45406
A5: DOĞUM TARİHİ | B5: ='ANA SAYFA'!F105 -> 26187
A6: İZİN NEDENİ | B6: İZİNE ÇIKIŞ TARİHİ | C6: İZİNDEN DÖNÜŞ TARİHİ | D6: İZİNE ÇIKIŞ SAATİ | E6: İZİNDEN DÖNÜŞ SAATİ | F6: İZNİ KAZANDIĞI TARİH ARALIĞI | G6: SENELİK İZİN HAKKI TUTARI | H6: KULALNILAN İZİN TUTARI
B7: 45953 | C7: 45954 | F7: 24.04.24-24.04.25 | G7: 14 | H7: 1
B8: 46099 | C8: 46100 | H8: 1
B9: 46165 | C9: 46174 | H9: 2
F25: TOPLAMLAR | G25: =SUM(G7:G16) -> 14 | H25: =SUM(H7:H24) -> 4
F27: KALAN FARK(-/+) | H27: =G25-H25 -> 10

Sheet 105.
A1: ADI SOYADI | B1: ='ANA SAYFA'!B106 -> İSMAİL ÖZDEMİR | C1: PERSONEL İZİN ÇİZELGESİ | J1: ANA SAYFA
A2: T.C.KİMLİK NO | B2: ='ANA SAYFA'!D106 -> 27746260284
A3: GÖREVİ | B3: ='ANA SAYFA'!C106 -> GREYDER OPERATÖRÜ
A4: İŞE GİRİŞ TARİHİ | B4: ='ANA SAYFA'!E106 -> 44845
A5: DOĞUM TARİHİ | B5: ='ANA SAYFA'!F106 -> 22899
A6: İZİN NEDENİ | B6: İZİNE ÇIKIŞ TARİHİ | C6: İZİNDEN DÖNÜŞ TARİHİ | D6: İZİNE ÇIKIŞ SAATİ | E6: İZİNDEN DÖNÜŞ SAATİ | F6: İZNİ KAZANDIĞI TARİH ARALIĞI | G6: SENELİK İZİN HAKKI TUTARI | H6: KULALNILAN İZİN TUTARI
B7: 45157 | C7: 45161 | D7: 0.33333333 | E7: 0.33333333 | F7: 11.10.22-11.10.23 | G7: 20 | H7: 3
B8: 45246 | C8: 45250 | D8: 0.33333333 | E8: 0.33333333 | F8: 11.10.23-11.10.24 | G8: 20 | H8: 3
B9: 45401 | C9: 45401 | D9: 0.33333333 | E9: 0.33333333 | F9: 11.10.24-11.10.25 | G9: 20 | H9: 1
B10: 45481 | C10: 45491 | H10: 10
B11: 45549 | C11: 45549 | H11: 1
B12: 45552 | C12: 45552 | H12: 1
B13: 45604 | C13: 45605 | H13: 2
B14: 17 Mart 2025 Pazartesi | C14: 18 Mart 2025 Salı | H14: 2
B15: 24 Mart 2025 Pazartesi | C15: 25 Mart 2025 Salı | H15: 2
B16: 8 nisan 2025 Salı | C16: 30 nisan 2025 Çarşamba | H16: 20
B17: MAYIS MAAŞINDAN YAPILAN KESİNTİ | H17: -2
B18: 45878 | C18: 45880 | H18: 1
B19: 45952 | C19: 45959 | H19: 6
B20: 45985 | C20: 45989 | H20: 4
B21: 46038 | C21: 46042 | H21: 3
F33: TOPLAMLAR | G33: =SUM(G7:G32) -> 60 | H33: =SUM(H7:H31) -> 57
F35: KALAN FARK(-/+) | H35: =G33-H33 -> 3

Sheet 106.
A1: ADI SOYADI | B1: ='ANA SAYFA'!B107 -> NURETTİN ALTAY | C1: PERSONEL İZİN ÇİZELGESİ | J1: ANA SAYFA
A2: T.C.KİMLİK NO | B2: ='ANA SAYFA'!D107 -> 36581078312
A3: GÖREVİ | B3: ='ANA SAYFA'!C107 -> TIR-ÇEKİCİ ŞOFÖRÜ
A4: İŞE GİRİŞ TARİHİ | B4: ='ANA SAYFA'!E107 -> 44663
A5: DOĞUM TARİHİ | B5: ='ANA SAYFA'!F107 -> 27032
A6: İZİN NEDENİ | B6: İZİNE ÇIKIŞ TARİHİ | C6: İZİNDEN DÖNÜŞ TARİHİ | D6: İZİNE ÇIKIŞ SAATİ | E6: İZİNDEN DÖNÜŞ SAATİ | F6: İZNİ KAZANDIĞI TARİH ARALIĞI | G6: SENELİK İZİN HAKKI TUTARI | H6: KULALNILAN İZİN TUTARI | L6: 46195 | M6: TARİHİNE KADAR KIDEMİ VERİLDİ.
B7: 45103 | C7: 45110 | D7: 0.33333333 | E7: 0.33333333 | F7: 12.04.22-12.04.23 | G7: 14 | H7: 1
B8: 45168 | C8: 45176 | D8: 0.33333333 | E8: 0.33333333 | F8: 12.04.23-12.04.24 | G8: 20 | H8: 7
B9: 45443 | C9: 45463 | D9: 0.33333333 | E9: 0.33333333 | F9: 12.04.24-12.04.25 | G9: 20 | H9: 13
B10: 45505 | C10: 45516 | D10: 0.33333333 | E10: 0.33333333 | F10: 12.04.25-12.04.26 | G10: 20 | H10: 9
B11: 45577 | C11: 45577 | D11: 0.33333333 | E11: 0.33333333 | H11: 1
B12: 45639 | C12: 45639 | D12: 0.33333333 | E12: 0.33333333 | H12: 1
B13: 45784 | C13: 45789 | D13: 0.33333333 | E13: 0.33333333 | H13: 5 | L13: maaş | M13: 68500
B14: 45808 | C14: 45817 | D14: 0.33333333 | E14: 0.33333333 | H14: 4 | L14: 1gün | M14: =+M13/30 -> 2283.3333
B15: 45859 | C15: 45867 | D15: 0.33333333 | E15: 0.33333333 | H15: 7
B16: 45898 | C16: 45902 | D16: 0.33333333 | E16: 0.33333333 | H16: 2 | L16: 22gün | M16: =+M14*22 -> 50233.333
B17: 45969 | C17: 45971 | D17: 0.33333333 | E17: 0.33333333 | H17: 1
B18: 46174 | C18: 46181 | D18: 0.33333333 | E18: 0.33333333 | H18: 6
B19: 46153 | C19: 46154 | D19: 0.33333333 | E19: 0.33333333 | H19: 1
B20: 46174 | C20: 46175 | H20: 1
B21: 46196 | C21: 46197 | H21: 1
F32: TOPLAMLAR | G32: =SUM(G7:G31) -> 74 | H32: =SUM(H7:H31) -> 60
F34: KALAN FARK(-/+) | H34: =G32-H32 -> 14

Sheet 108
A1: ADI SOYADI | B1: ='ANA SAYFA'!B109 -> ALİ EMİCİ | C1: PERSONEL İZİN ÇİZELGESİ | J1: ANA SAYFA
A2: T.C.KİMLİK NO | B2: ='ANA SAYFA'!D109 -> 51202277578
A3: GÖREVİ | B3: ='ANA SAYFA'!C109 -> KAMYON ŞOFÖRÜ
A4: İŞE GİRİŞ TARİHİ | B4: ='ANA SAYFA'!E109 -> 45880
A5: DOĞUM TARİHİ | B5: ='ANA SAYFA'!F109 -> 27457
A6: İZİN NEDENİ | B6: İZİNE ÇIKIŞ TARİHİ | C6: İZİNDEN DÖNÜŞ TARİHİ | D6: İZİNE ÇIKIŞ SAATİ | E6: İZİNDEN DÖNÜŞ SAATİ | F6: İZNİ KAZANDIĞI TARİH ARALIĞI | G6: SENELİK İZİN HAKKI TUTARI | H6: KULALNILAN İZİN TUTARI | J6: 45880 | K6: YENİ İŞE GİRİŞİ YENI KIDEM BAŞLANGICI
